lig_chembl_id,pro_chembl_id,pref_name,accession,pchembl_value,standard_type,assay_id,confidence_score,canonical_smiles,description
CHEMBL535,CHEMBL3829,"CaM kinase II gamma",Q13555,6.12,Kd,325113,9,CCN(CC)CCNC(=O)c1c(C)[nH]c(/C=C2\C(=O)Nc3ccc(F)cc32)c1C,"Average Binding Constant for CAMK2G; NA=Not Active at 10 uM"
CHEMBL388978,CHEMBL3829,"CaM kinase II gamma",Q13555,9.3,Kd,325113,9,CN[C@@H]1C[C@H]2O[C@@](C)([C@@H]1OC)n1c3ccccc3c3c4c(c5c6ccccc6n2c5c31)C(=O)NC4,"Average Binding Constant for CAMK2G; NA=Not Active at 10 uM"
CHEMBL535,CHEMBL3829,"CaM kinase II gamma",Q13555,6.12,Kd,531326,8,CCN(CC)CCNC(=O)c1c(C)[nH]c(/C=C2\C(=O)Nc3ccc(F)cc32)c1C,"Inhibition of CAMK2gamma"
CHEMBL91829,CHEMBL3829,"CaM kinase II gamma",Q13555,5.11,Kd,586950,9,CN(C)C[C@@H]1CCn2cc(c3ccccc32)C2=C(C(=O)NC2=O)c2cn(c3ccccc23)CCO1,"Binding constant for CAMK2G kinase domain"
CHEMBL608533,CHEMBL3829,"CaM kinase II gamma",Q13555,6.85,Kd,586950,9,CO[C@@H]1[C@H](N(C)C(=O)c2ccccc2)C[C@H]2O[C@]1(C)n1c3ccccc3c3c4c(c5c6ccccc6n2c5c31)C(=O)NC4,"Binding constant for CAMK2G kinase domain"
CHEMBL388978,CHEMBL3829,"CaM kinase II gamma",Q13555,9.26,Kd,586950,9,CN[C@@H]1C[C@H]2O[C@@](C)([C@@H]1OC)n1c3ccccc3c3c4c(c5c6ccccc6n2c5c31)C(=O)NC4,"Binding constant for CAMK2G kinase domain"
CHEMBL1721885,CHEMBL3829,"CaM kinase II gamma",Q13555,5.96,Kd,586950,9,Cc1[nH]c(/C=C2\C(=O)Nc3ccc(F)cc32)c(C)c1C(=O)NC[C@H](O)CN1CCOCC1,"Binding constant for CAMK2G kinase domain"
CHEMBL535,CHEMBL3829,"CaM kinase II gamma",Q13555,6.16,Kd,586950,9,CCN(CC)CCNC(=O)c1c(C)[nH]c(/C=C2\C(=O)Nc3ccc(F)cc32)c1C,"Binding constant for CAMK2G kinase domain"
CHEMBL288441,CHEMBL3829,"CaM kinase II gamma",Q13555,6.74,IC50,655301,8,COc1cc(Nc2c(C#N)cnc3cc(OCCCN4CCN(C)CC4)c(OC)cc23)c(Cl)cc1Cl,"Inhibition of CAMK2G"
CHEMBL603469,CHEMBL3829,"CaM kinase II gamma",Q13555,6.33,Kd,655703,8,C[C@]12O[C@H](C[C@]1(O)CO)n1c3ccccc3c3c4c(c5c6ccccc6n2c5c31)CNC4=O,"Binding affinity to CAMK1G"
CHEMBL608533,CHEMBL3829,"CaM kinase II gamma",Q13555,5.75,Kd,655703,8,CO[C@@H]1[C@H](N(C)C(=O)c2ccccc2)C[C@H]2O[C@]1(C)n1c3ccccc3c3c4c(c5c6ccccc6n2c5c31)C(=O)NC4,"Binding affinity to CAMK1G"
CHEMBL535,CHEMBL3829,"CaM kinase II gamma",Q13555,6.36,Kd,655703,8,CCN(CC)CCNC(=O)c1c(C)[nH]c(/C=C2\C(=O)Nc3ccc(F)cc32)c1C,"Binding affinity to CAMK1G"
CHEMBL603469,CHEMBL3829,"CaM kinase II gamma",Q13555,7.58,Kd,655707,8,C[C@]12O[C@H](C[C@]1(O)CO)n1c3ccccc3c3c4c(c5c6ccccc6n2c5c31)CNC4=O,"Binding affinity to CAMK2G"
CHEMBL608533,CHEMBL3829,"CaM kinase II gamma",Q13555,6.85,Kd,655707,8,CO[C@@H]1[C@H](N(C)C(=O)c2ccccc2)C[C@H]2O[C@]1(C)n1c3ccccc3c3c4c(c5c6ccccc6n2c5c31)C(=O)NC4,"Binding affinity to CAMK2G"
CHEMBL535,CHEMBL3829,"CaM kinase II gamma",Q13555,6.16,Kd,655707,8,CCN(CC)CCNC(=O)c1c(C)[nH]c(/C=C2\C(=O)Nc3ccc(F)cc32)c1C,"Binding affinity to CAMK2G"
CHEMBL1240703,CHEMBL3829,"CaM kinase II gamma",Q13555,5.58,Kd,655707,8,CO[C@@H]1[C@H](N(C)C(=O)c2ccccc2)C[C@H]2O[C@]1(C)n1c3ccccc3c3c4c(c5c6ccccc6n2c5c31)C(=O)N[C@H]4O,"Binding affinity to CAMK2G"
CHEMBL1721885,CHEMBL3829,"CaM kinase II gamma",Q13555,5.96,Kd,774211,8,Cc1[nH]c(/C=C2\C(=O)Nc3ccc(F)cc32)c(C)c1C(=O)NC[C@H](O)CN1CCOCC1,"Binding constant for CAMK2G kinase domain"
CHEMBL450786,CHEMBL3829,"CaM kinase II gamma",Q13555,5.7,Kd,774211,8,Cc1[nH]c(/C=C2\C(=O)Nc3ccc(S(=O)(=O)Cc4c(Cl)cccc4Cl)cc32)c(C)c1C(=O)N1CCC[C@@H]1CN1CCCC1,"Binding constant for CAMK2G kinase domain"
CHEMBL1789941,CHEMBL3829,"CaM kinase II gamma",Q13555,7,Kd,774211,8,N#CC[C@H](C1CCCC1)n1cc(-c2ncnc3[nH]ccc23)cn1,"Binding constant for CAMK2G kinase domain"
CHEMBL535,CHEMBL3829,"CaM kinase II gamma",Q13555,6.16,Kd,774211,8,CCN(CC)CCNC(=O)c1c(C)[nH]c(/C=C2\C(=O)Nc3ccc(F)cc32)c1C,"Binding constant for CAMK2G kinase domain"
CHEMBL513909,CHEMBL3829,"CaM kinase II gamma",Q13555,5.92,Kd,774211,8,CC[C@@H]1C(=O)N(C)c2cnc(Nc3ccc(C(=O)NC4CCN(C)CC4)cc3OC)nc2N1C1CCCC1,"Binding constant for CAMK2G kinase domain"
CHEMBL509032,CHEMBL3829,"CaM kinase II gamma",Q13555,6.11,Kd,774211,8,COc1cc(N2CCC(N3CCN(C)CC3)CC2)ccc1Nc1ncc(Cl)c(Nc2ccccc2S(=O)(=O)C(C)C)n1,"Binding constant for CAMK2G kinase domain"
CHEMBL608533,CHEMBL3829,"CaM kinase II gamma",Q13555,6.85,Kd,774211,8,CO[C@@H]1[C@H](N(C)C(=O)c2ccccc2)C[C@H]2O[C@]1(C)n1c3ccccc3c3c4c(c5c6ccccc6n2c5c31)C(=O)NC4,"Binding constant for CAMK2G kinase domain"
CHEMBL1287853,CHEMBL3829,"CaM kinase II gamma",Q13555,6.27,Kd,774211,8,Cc1cnc(Nc2ccc(OCCN3CCCC3)cc2)nc1Nc1cccc(S(=O)(=O)NC(C)(C)C)c1,"Binding constant for CAMK2G kinase domain"
CHEMBL379218,CHEMBL3829,"CaM kinase II gamma",Q13555,6.05,Kd,774211,8,Cc1n[nH]c2ccc(-c3cncc(OC[C@@H](N)Cc4ccccc4)c3)cc12,"Binding constant for CAMK2G kinase domain"
CHEMBL428690,CHEMBL3829,"CaM kinase II gamma",Q13555,5.58,Kd,774211,8,CN1CC[C@H](c2c(O)cc(O)c3c(=O)cc(-c4ccccc4Cl)oc23)[C@H](O)C1,"Binding constant for CAMK2G kinase domain"
CHEMBL475251,CHEMBL3829,"CaM kinase II gamma",Q13555,6.04,Kd,774211,8,COc1cc(Nc2ncc(F)c(Nc3ccc4c(n3)NC(=O)C(C)(C)O4)n2)cc(OC)c1OC,"Binding constant for CAMK2G kinase domain"
CHEMBL91829,CHEMBL3829,"CaM kinase II gamma",Q13555,5.11,Kd,774211,8,CN(C)C[C@@H]1CCn2cc(c3ccccc32)C2=C(C(=O)NC2=O)c2cn(c3ccccc23)CCO1,"Binding constant for CAMK2G kinase domain"
CHEMBL384304,CHEMBL3829,"CaM kinase II gamma",Q13555,5.72,Kd,774211,8,COc1ccc(F)c(F)c1C(=O)c1cnc(NC2CCN(S(C)(=O)=O)CC2)nc1N,"Binding constant for CAMK2G kinase domain"
CHEMBL603469,CHEMBL3829,"CaM kinase II gamma",Q13555,7.58,Kd,774211,8,C[C@]12O[C@H](C[C@]1(O)CO)n1c3ccccc3c3c4c(c5c6ccccc6n2c5c31)CNC4=O,"Binding constant for CAMK2G kinase domain"
CHEMBL1908394,CHEMBL3829,"CaM kinase II gamma",Q13555,5.89,Kd,774211,8,C[C@@H](Oc1cc(-n2cnc3ccc(CN4CCN(C)CC4)cc32)sc1C(N)=O)c1ccccc1C(F)(F)F,"Binding constant for CAMK2G kinase domain"
CHEMBL288441,CHEMBL3829,"CaM kinase II gamma",Q13555,5.44,Kd,774211,8,COc1cc(Nc2c(C#N)cnc3cc(OCCCN4CCN(C)CC4)c(OC)cc23)c(Cl)cc1Cl,"Binding constant for CAMK2G kinase domain"
CHEMBL388978,CHEMBL3829,"CaM kinase II gamma",Q13555,9.26,Kd,774211,8,CN[C@@H]1C[C@H]2O[C@@](C)([C@@H]1OC)n1c3ccccc3c3c4c(c5c6ccccc6n2c5c31)C(=O)NC4,"Binding constant for CAMK2G kinase domain"
CHEMBL2000832,CHEMBL3829,"CaM kinase II gamma",Q13555,5.6,Ki,809158,8,COc1cc(-c2ccc3c(c2)Nc2ccc(C(=O)NCc4cccc(F)c4)cc2NC3=O)ccc1O,"PUBCHEM_BIOASSAY: Navigating the Kinome. (Class of assay: other) Panel member name: CAMK2G"
CHEMBL1965660,CHEMBL3829,"CaM kinase II gamma",Q13555,5.2,Ki,809158,8,NC(=O)c1cc(-c2ccnc(N)n2)[nH]c1-c1ccc(Cl)cc1Cl,"PUBCHEM_BIOASSAY: Navigating the Kinome. (Class of assay: other) Panel member name: CAMK2G"
CHEMBL1980896,CHEMBL3829,"CaM kinase II gamma",Q13555,5.4,Ki,809158,8,Nc1ncnc2sc(Br)c(-c3ccc(NC(=O)Cc4cccc(Cl)c4)cc3)c12,"PUBCHEM_BIOASSAY: Navigating the Kinome. (Class of assay: other) Panel member name: CAMK2G"
CHEMBL1970104,CHEMBL3829,"CaM kinase II gamma",Q13555,5.5,Ki,809158,8,CC(C)(C)c1ccc2nc(-c3n[nH]c4ccccc34)[nH]c2c1,"PUBCHEM_BIOASSAY: Navigating the Kinome. (Class of assay: other) Panel member name: CAMK2G"
CHEMBL1964777,CHEMBL3829,"CaM kinase II gamma",Q13555,5.4,Ki,809158,8,NC(=O)c1cc2c(Oc3cccc(F)c3)cncc2s1,"PUBCHEM_BIOASSAY: Navigating the Kinome. (Class of assay: other) Panel member name: CAMK2G"
CHEMBL1967302,CHEMBL3829,"CaM kinase II gamma",Q13555,5.7,Ki,809158,8,NC(COc1cncc(-c2ccc3c(c2)CC(=O)N3)c1)Cc1c[nH]c2ccccc12,"PUBCHEM_BIOASSAY: Navigating the Kinome. (Class of assay: other) Panel member name: CAMK2G"
CHEMBL398951,CHEMBL3829,"CaM kinase II gamma",Q13555,6.5,Ki,809158,8,N#Cc1ccc(-c2n[nH]c3c2Cc2ccc(OCCCCN4CCOCC4)cc2-3)cn1,"PUBCHEM_BIOASSAY: Navigating the Kinome. (Class of assay: other) Panel member name: CAMK2G"
CHEMBL2004716,CHEMBL3829,"CaM kinase II gamma",Q13555,6,Ki,809158,8,CCN(CC)CCNC(=O)C=Cc1cnc(N)c2c(-c3ccc(NC(=O)Nc4cccc(C)c4)cc3)csc12,"PUBCHEM_BIOASSAY: Navigating the Kinome. (Class of assay: other) Panel member name: CAMK2G"
CHEMBL1985406,CHEMBL3829,"CaM kinase II gamma",Q13555,5.4,Ki,809158,8,CCCC(=O)Nc1n[nH]c2ccc(-c3cccc(F)c3F)cc12,"PUBCHEM_BIOASSAY: Navigating the Kinome. (Class of assay: other) Panel member name: CAMK2G"
CHEMBL2000894,CHEMBL3829,"CaM kinase II gamma",Q13555,5.5,Ki,809158,8,Cc1cc(O)ccc1-n1cc(C(=O)NN)c(=O)c2ccc(-c3ccncc3)cc21,"PUBCHEM_BIOASSAY: Navigating the Kinome. (Class of assay: other) Panel member name: CAMK2G"
CHEMBL1976090,CHEMBL3829,"CaM kinase II gamma",Q13555,5.6,Ki,809158,8,Nc1ncnc2c1sc1ncnc(N)c12,"PUBCHEM_BIOASSAY: Navigating the Kinome. (Class of assay: other) Panel member name: CAMK2G"
CHEMBL1992922,CHEMBL3829,"CaM kinase II gamma",Q13555,6.7,Ki,809158,8,OCC(CO)Nc1ncnc2[nH]cc(-c3ccccc3)c12,"PUBCHEM_BIOASSAY: Navigating the Kinome. (Class of assay: other) Panel member name: CAMK2G"
CHEMBL1969537,CHEMBL3829,"CaM kinase II gamma",Q13555,6,Ki,809158,8,S=c1[nH]nc2c3c4c(sc3n3c(=S)[nH]nc3n12)CCC4,"PUBCHEM_BIOASSAY: Navigating the Kinome. (Class of assay: other) Panel member name: CAMK2G"
CHEMBL508928,CHEMBL3829,"CaM kinase II gamma",Q13555,5.6,Ki,809158,8,Cc1cccc(NC(=O)Nc2ccc(-c3cnc4c(-c5cnn(C)c5)cnn4c3N)cc2)c1,"PUBCHEM_BIOASSAY: Navigating the Kinome. (Class of assay: other) Panel member name: CAMK2G"
CHEMBL2004892,CHEMBL3829,"CaM kinase II gamma",Q13555,5.6,Ki,809158,8,CS(=O)(=O)Nc1ccc(-c2ccc3[nH]nc(N)c3c2)cc1,"PUBCHEM_BIOASSAY: Navigating the Kinome. (Class of assay: other) Panel member name: CAMK2G"
CHEMBL116070,CHEMBL3829,"CaM kinase II gamma",Q13555,5.2,Ki,809158,8,NC(=O)c1cc2c(Oc3ccc(Br)cc3)cncc2s1,"PUBCHEM_BIOASSAY: Navigating the Kinome. (Class of assay: other) Panel member name: CAMK2G"
CHEMBL1990821,CHEMBL3829,"CaM kinase II gamma",Q13555,5.3,Ki,809158,8,Cc1cc(C)c(C)c(OCCCc2c(C(=O)O)[nH]c3c(-c4ccccc4C)cccc23)c1,"PUBCHEM_BIOASSAY: Navigating the Kinome. (Class of assay: other) Panel member name: CAMK2G"
CHEMBL1993548,CHEMBL3829,"CaM kinase II gamma",Q13555,5.2,Ki,809158,8,CC(N)COc1cnc(Cl)c(C=Cc2ccncc2)c1,"PUBCHEM_BIOASSAY: Navigating the Kinome. (Class of assay: other) Panel member name: CAMK2G"
CHEMBL1966722,CHEMBL3829,"CaM kinase II gamma",Q13555,5.5,Ki,809158,8,O=C(NNC(=S)Nc1ccc(Cl)cc1)C(O)(c1ccccc1)c1ccccc1,"PUBCHEM_BIOASSAY: Navigating the Kinome. (Class of assay: other) Panel member name: CAMK2G"
CHEMBL1975500,CHEMBL3829,"CaM kinase II gamma",Q13555,6.1,Ki,809158,8,COc1cc(-c2ccc3c(c2)Nc2ccc(C(=O)NCCNC(C)=O)cc2NC3=O)ccc1O,"PUBCHEM_BIOASSAY: Navigating the Kinome. (Class of assay: other) Panel member name: CAMK2G"
CHEMBL394619,CHEMBL3829,"CaM kinase II gamma",Q13555,5.4,Ki,809158,8,Cc1cccc(NC(=O)Nc2ccc(-c3csc4ccnc(N)c34)cc2)c1,"PUBCHEM_BIOASSAY: Navigating the Kinome. (Class of assay: other) Panel member name: CAMK2G"
CHEMBL1996831,CHEMBL3829,"CaM kinase II gamma",Q13555,5.9,Ki,809158,8,O=C(O)c1c2c(nc3ccccc13)C(=C1CCCC1)CC2,"PUBCHEM_BIOASSAY: Navigating the Kinome. (Class of assay: other) Panel member name: CAMK2G"
CHEMBL1965988,CHEMBL3829,"CaM kinase II gamma",Q13555,5.8,Ki,809158,8,Cc1cccc(NC(=O)Nc2ccc(-c3csc4c(C#CCN)cnc(N)c34)cc2)c1,"PUBCHEM_BIOASSAY: Navigating the Kinome. (Class of assay: other) Panel member name: CAMK2G"
CHEMBL422897,CHEMBL3829,"CaM kinase II gamma",Q13555,6,Ki,809158,8,CN1CCC(c2c(O)cc(O)c3c(=O)cc(-c4ccccc4Cl)oc23)C(O)C1,"PUBCHEM_BIOASSAY: Navigating the Kinome. (Class of assay: other) Panel member name: CAMK2G"
CHEMBL1989646,CHEMBL3829,"CaM kinase II gamma",Q13555,5.5,Ki,809158,8,Cc1c(-c2ccc3[nH]nc(N)c3c2)nnn1Cc1ccccc1,"PUBCHEM_BIOASSAY: Navigating the Kinome. (Class of assay: other) Panel member name: CAMK2G"
CHEMBL522892,CHEMBL3829,"CaM kinase II gamma",Q13555,6.1,Ki,809158,8,CN1CCN(c2ccc3nc(-c4c(N)c5c(F)cccc5[nH]c4=O)[nH]c3c2)CC1,"PUBCHEM_BIOASSAY: Navigating the Kinome. (Class of assay: other) Panel member name: CAMK2G"
CHEMBL1970522,CHEMBL3829,"CaM kinase II gamma",Q13555,5.7,Ki,809158,8,COc1cc(C=C2SC(=Nc3ccccc3)NC2=O)ccc1O,"PUBCHEM_BIOASSAY: Navigating the Kinome. (Class of assay: other) Panel member name: CAMK2G"
CHEMBL1990415,CHEMBL3829,"CaM kinase II gamma",Q13555,5.6,Ki,809158,8,O=C(Nc1n[nH]c2nc3ccccc3cc12)c1ccncc1,"PUBCHEM_BIOASSAY: Navigating the Kinome. (Class of assay: other) Panel member name: CAMK2G"
CHEMBL482967,CHEMBL3829,"CaM kinase II gamma",Q13555,5.9,Ki,809158,8,Cc1nc(N)sc1-c1ccnc(Nc2ccc(N3CCOCC3)cc2)n1,"PUBCHEM_BIOASSAY: Navigating the Kinome. (Class of assay: other) Panel member name: CAMK2G"
CHEMBL458997,CHEMBL3829,"CaM kinase II gamma",Q13555,6.1,Ki,809158,8,CNC(=O)c1ccccc1Nc1nc(Nc2ccc(N3CCOCC3)cc2OC)ncc1Cl,"PUBCHEM_BIOASSAY: Navigating the Kinome. (Class of assay: other) Panel member name: CAMK2G"
CHEMBL1965836,CHEMBL3829,"CaM kinase II gamma",Q13555,7.3,Ki,809158,8,Cc1n[nH]c2ccc(-c3cncc(OCC(N)Cc4cccc(OC(F)(F)F)c4)c3)cc12,"PUBCHEM_BIOASSAY: Navigating the Kinome. (Class of assay: other) Panel member name: CAMK2G"
CHEMBL583144,CHEMBL3829,"CaM kinase II gamma",Q13555,5.4,Ki,809158,8,O=c1[nH]cnc2c1sc1c(Cl)ccc(Cl)c12,"PUBCHEM_BIOASSAY: Navigating the Kinome. (Class of assay: other) Panel member name: CAMK2G"
CHEMBL1974310,CHEMBL3829,"CaM kinase II gamma",Q13555,5.8,Ki,809158,8,NC(=O)c1cc2c(-c3ccc(F)cc3)cncc2s1,"PUBCHEM_BIOASSAY: Navigating the Kinome. (Class of assay: other) Panel member name: CAMK2G"
CHEMBL1982957,CHEMBL3829,"CaM kinase II gamma",Q13555,7.3,Ki,809158,8,NC(=O)c1cccc(-c2cnc3[nH]cc(-c4ccccc4)c3c2)c1,"PUBCHEM_BIOASSAY: Navigating the Kinome. (Class of assay: other) Panel member name: CAMK2G"
CHEMBL1725279,CHEMBL3829,"CaM kinase II gamma",Q13555,5.8,Ki,809158,8,Oc1c2ccccc2c2c3c(cccc13)N=N2,"PUBCHEM_BIOASSAY: Navigating the Kinome. (Class of assay: other) Panel member name: CAMK2G"
CHEMBL1975138,CHEMBL3829,"CaM kinase II gamma",Q13555,5.5,Ki,809158,8,O=C(NNC(=S)Nc1ccc(F)cc1)C(O)(c1ccccc1)c1ccccc1,"PUBCHEM_BIOASSAY: Navigating the Kinome. (Class of assay: other) Panel member name: CAMK2G"
CHEMBL2003271,CHEMBL3829,"CaM kinase II gamma",Q13555,5.8,Ki,809158,8,NC(=O)c1sc2ccc(Cl)c(Cl)c2c1NC(=O)c1ccc(Cl)cc1,"PUBCHEM_BIOASSAY: Navigating the Kinome. (Class of assay: other) Panel member name: CAMK2G"
CHEMBL1983111,CHEMBL3829,"CaM kinase II gamma",Q13555,6.6,Ki,809158,8,CC(=O)NCC(=O)N1C2CCC1c1cc(Nc3ncc(C(F)(F)F)c(NC4CCC4)n3)ccc12,"PUBCHEM_BIOASSAY: Navigating the Kinome. (Class of assay: other) Panel member name: CAMK2G"
CHEMBL1973860,CHEMBL3829,"CaM kinase II gamma",Q13555,5.2,Ki,809158,8,OCCNc1cc2cc(-c3ccsc3)ccc2cn1,"PUBCHEM_BIOASSAY: Navigating the Kinome. (Class of assay: other) Panel member name: CAMK2G"
CHEMBL2004544,CHEMBL3829,"CaM kinase II gamma",Q13555,5.9,Ki,809158,8,O=S(=O)(O)c1ccc(NCc2ccc3c(c2)OCO3)c2c(O)cccc12,"PUBCHEM_BIOASSAY: Navigating the Kinome. (Class of assay: other) Panel member name: CAMK2G"
CHEMBL1991078,CHEMBL3829,"CaM kinase II gamma",Q13555,6.5,Ki,809158,8,COc1ccc(C(=O)Nc2n[nH]c3ccc(-c4cn(Cc5ccccc5)nn4)cc23)cc1OC,"PUBCHEM_BIOASSAY: Navigating the Kinome. (Class of assay: other) Panel member name: CAMK2G"
CHEMBL565612,CHEMBL3829,"CaM kinase II gamma",Q13555,7.1,Ki,809158,8,CN1CCN(c2nc(C3=C(c4c[nH]c5ccccc45)C(=O)NC3=O)c3ccccc3n2)CC1,"PUBCHEM_BIOASSAY: Navigating the Kinome. (Class of assay: other) Panel member name: CAMK2G"
CHEMBL1969502,CHEMBL3829,"CaM kinase II gamma",Q13555,5.4,Ki,809158,8,O=C1NN=Cc2c[nH]c3cc(NC(=O)C4CC4c4ccccc4)cc1c23,"PUBCHEM_BIOASSAY: Navigating the Kinome. (Class of assay: other) Panel member name: CAMK2G"
CHEMBL1997764,CHEMBL3829,"CaM kinase II gamma",Q13555,6.1,Ki,809158,8,COc1ccc(C(=O)Nc2cnc3[nH]cc(-c4ccccc4)c3c2)cc1,"PUBCHEM_BIOASSAY: Navigating the Kinome. (Class of assay: other) Panel member name: CAMK2G"
CHEMBL1985092,CHEMBL3829,"CaM kinase II gamma",Q13555,5.6,Ki,809158,8,Oc1ccc(-c2n[nH]c(Nc3cccc(Cl)c3)c2-c2ccc(O)cc2)cc1,"PUBCHEM_BIOASSAY: Navigating the Kinome. (Class of assay: other) Panel member name: CAMK2G"
CHEMBL1967544,CHEMBL3829,"CaM kinase II gamma",Q13555,5.3,Ki,809158,8,CN(C)c1cccc2c(S(=O)(=O)N(CCN)c3cncc(-c4ccc5cnccc5c4)c3)cccc12,"PUBCHEM_BIOASSAY: Navigating the Kinome. (Class of assay: other) Panel member name: CAMK2G"
CHEMBL340384,CHEMBL3829,"CaM kinase II gamma",Q13555,6,Ki,809158,8,NC(=O)c1cn(-c2ccc(O)cc2Cl)c2cc(-c3ccncc3)ccc2c1=O,"PUBCHEM_BIOASSAY: Navigating the Kinome. (Class of assay: other) Panel member name: CAMK2G"
CHEMBL2000354,CHEMBL3829,"CaM kinase II gamma",Q13555,5.8,Ki,809158,8,COc1ccc(C=C2SC(=Nc3ccccc3)NC2=O)cc1O,"PUBCHEM_BIOASSAY: Navigating the Kinome. (Class of assay: other) Panel member name: CAMK2G"
CHEMBL1965507,CHEMBL3829,"CaM kinase II gamma",Q13555,5.9,Ki,809158,8,Cc1cccc(NC(=O)Nc2ccc(NC(=O)c3csc4ncnc(N)c34)cc2)c1,"PUBCHEM_BIOASSAY: Navigating the Kinome. (Class of assay: other) Panel member name: CAMK2G"
CHEMBL592030,CHEMBL3829,"CaM kinase II gamma",Q13555,6.3,Ki,809158,8,NCCCn1cc(-c2cc(-c3cc4ccccc4s3)c3[nH]ncc3c2)c2nc(N)ncc21,"PUBCHEM_BIOASSAY: Navigating the Kinome. (Class of assay: other) Panel member name: CAMK2G"
CHEMBL2000071,CHEMBL3829,"CaM kinase II gamma",Q13555,6.6,Ki,809158,8,OCCCNc1ncnc2[nH]cc(-c3ccccc3)c12,"PUBCHEM_BIOASSAY: Navigating the Kinome. (Class of assay: other) Panel member name: CAMK2G"
CHEMBL1983195,CHEMBL3829,"CaM kinase II gamma",Q13555,5.5,Ki,809158,8,CCN(CC)C(=O)Nc1ccc2nc(-c3ccco3)c(-c3ccco3)nc2c1,"PUBCHEM_BIOASSAY: Navigating the Kinome. (Class of assay: other) Panel member name: CAMK2G"
CHEMBL1975490,CHEMBL3829,"CaM kinase II gamma",Q13555,6,Ki,809158,8,NCCCOc1cc2c(c(-c3ccc(Nc4nc5ccccc5o4)cc3)c1)CNC2=O,"PUBCHEM_BIOASSAY: Navigating the Kinome. (Class of assay: other) Panel member name: CAMK2G"
CHEMBL1979883,CHEMBL3829,"CaM kinase II gamma",Q13555,5.9,Ki,809158,8,Cc1cccc(NC(=O)Nc2ccc(-c3csc4c(C#CCN(C)C)cnc(N)c34)cc2)c1,"PUBCHEM_BIOASSAY: Navigating the Kinome. (Class of assay: other) Panel member name: CAMK2G"
CHEMBL371206,CHEMBL3829,"CaM kinase II gamma",Q13555,6.3,Ki,809158,8,Cc1cc(C)cc(NC(=O)Nc2ccc(-c3c(C)sc4ncnc(N)c34)cc2)c1,"PUBCHEM_BIOASSAY: Navigating the Kinome. (Class of assay: other) Panel member name: CAMK2G"
CHEMBL196363,CHEMBL3829,"CaM kinase II gamma",Q13555,5.8,Ki,809158,8,Cc1cccc(NC(=O)Nc2ccc(-c3csc4ncnc(N)c34)cc2)c1,"PUBCHEM_BIOASSAY: Navigating the Kinome. (Class of assay: other) Panel member name: CAMK2G"
CHEMBL1190711,CHEMBL3829,"CaM kinase II gamma",Q13555,5.6,Ki,809158,8,COc1ccc(-c2cc3nccn3c(Nc3ncccc3C(N)=O)n2)cc1OC,"PUBCHEM_BIOASSAY: Navigating the Kinome. (Class of assay: other) Panel member name: CAMK2G"
CHEMBL1968705,CHEMBL3829,"CaM kinase II gamma",Q13555,5.5,Ki,809158,8,CCCC(=O)Nc1cccc(-c2nc(Nc3ccc4[nH]ncc4c3)c3cc(OCCN4CCCC4)ccc3n2)c1,"PUBCHEM_BIOASSAY: Navigating the Kinome. (Class of assay: other) Panel member name: CAMK2G"
CHEMBL1966343,CHEMBL3829,"CaM kinase II gamma",Q13555,5.9,Ki,809158,8,CC(C)Cc1cc(-c2ccc3[nH]nc(N)c3c2)on1,"PUBCHEM_BIOASSAY: Navigating the Kinome. (Class of assay: other) Panel member name: CAMK2G"
CHEMBL1967887,CHEMBL3829,"CaM kinase II gamma",Q13555,6.4,Ki,809158,8,Cc1n[nH]c2ccc(-c3cncc(OCCN)c3)cc12,"PUBCHEM_BIOASSAY: Navigating the Kinome. (Class of assay: other) Panel member name: CAMK2G"
CHEMBL2000335,CHEMBL3829,"CaM kinase II gamma",Q13555,6.3,Ki,809158,8,Cc1ccc(NC(=O)Nc2ccc(-c3csc4ncnc(N)c34)cc2)cc1C,"PUBCHEM_BIOASSAY: Navigating the Kinome. (Class of assay: other) Panel member name: CAMK2G"
CHEMBL1084546,CHEMBL3829,"CaM kinase II gamma",Q13555,5.6,Ki,809158,8,CN(c1ncccc1CNc1nc(Nc2ccc3c(c2)CC(=O)N3)ncc1C(F)(F)F)S(C)(=O)=O,"PUBCHEM_BIOASSAY: Navigating the Kinome. (Class of assay: other) Panel member name: CAMK2G"
CHEMBL1974328,CHEMBL3829,"CaM kinase II gamma",Q13555,6.4,Ki,809158,8,Cc1cccc(Nc2nc(NC3CCCCC3N)cnc2C(N)=O)c1,"PUBCHEM_BIOASSAY: Navigating the Kinome. (Class of assay: other) Panel member name: CAMK2G"
CHEMBL509032,CHEMBL3829,"CaM kinase II gamma",Q13555,7.9,Ki,809158,8,COc1cc(N2CCC(N3CCN(C)CC3)CC2)ccc1Nc1ncc(Cl)c(Nc2ccccc2S(=O)(=O)C(C)C)n1,"PUBCHEM_BIOASSAY: Navigating the Kinome. (Class of assay: other) Panel member name: CAMK2G"
CHEMBL1972576,CHEMBL3829,"CaM kinase II gamma",Q13555,5.6,Ki,809158,8,Cc1ccc(NC(=O)Nc2ccc(NC(=O)c3csc4ncnc(N)c34)cc2)cc1,"PUBCHEM_BIOASSAY: Navigating the Kinome. (Class of assay: other) Panel member name: CAMK2G"
CHEMBL1990254,CHEMBL3829,"CaM kinase II gamma",Q13555,5.2,Ki,809158,8,NCC(NC(=O)c1ccc(-c2ccncc2)cc1)c1ccccc1,"PUBCHEM_BIOASSAY: Navigating the Kinome. (Class of assay: other) Panel member name: CAMK2G"
CHEMBL1992342,CHEMBL3829,"CaM kinase II gamma",Q13555,5.6,Ki,809158,8,CCCS(=O)(=O)Nc1ccc(-c2ccc3[nH]nc(N)c3c2)cc1,"PUBCHEM_BIOASSAY: Navigating the Kinome. (Class of assay: other) Panel member name: CAMK2G"
CHEMBL1988173,CHEMBL3829,"CaM kinase II gamma",Q13555,6.1,Ki,809158,8,Cc1cc(Cl)ccc1NC(=S)NNC(=O)C(O)(c1ccccc1)c1ccccc1,"PUBCHEM_BIOASSAY: Navigating the Kinome. (Class of assay: other) Panel member name: CAMK2G"
CHEMBL1989805,CHEMBL3829,"CaM kinase II gamma",Q13555,5.6,Ki,809158,8,N#CC1=C(N)n2c(sc(=Cc3ccco3)c2=O)=C(C(N)=O)C1c1ccco1,"PUBCHEM_BIOASSAY: Navigating the Kinome. (Class of assay: other) Panel member name: CAMK2G"
CHEMBL1965423,CHEMBL3829,"CaM kinase II gamma",Q13555,5.2,Ki,809158,8,CC(C)Cn1c(N)nc2ccc(-c3c(-c4ccc(F)cc4)nc4sccn34)cc21,"PUBCHEM_BIOASSAY: Navigating the Kinome. (Class of assay: other) Panel member name: CAMK2G"
CHEMBL1982980,CHEMBL3829,"CaM kinase II gamma",Q13555,5.7,Ki,809158,8,CC(C)=C(C)c1cccc2c(CCCOc3cccc(Cl)c3Cl)c(C(=O)O)[nH]c12,"PUBCHEM_BIOASSAY: Navigating the Kinome. (Class of assay: other) Panel member name: CAMK2G"
CHEMBL1983025,CHEMBL3829,"CaM kinase II gamma",Q13555,5.5,Ki,809158,8,CCC(N)(C#Cc1cnc(N)c2c(-c3ccc(NC(=O)Nc4cccc(C)c4)cc3)csc12)CC,"PUBCHEM_BIOASSAY: Navigating the Kinome. (Class of assay: other) Panel member name: CAMK2G"
CHEMBL1983945,CHEMBL3829,"CaM kinase II gamma",Q13555,5.6,Ki,809158,8,NC(Cc1c[nH]c2ccccc12)C(=O)Nc1cncc(C=Cc2ccncc2)c1,"PUBCHEM_BIOASSAY: Navigating the Kinome. (Class of assay: other) Panel member name: CAMK2G"
CHEMBL2001920,CHEMBL3829,"CaM kinase II gamma",Q13555,6.3,Ki,809158,8,O=C1NC(=S)SC1=C1C(=O)Nc2ccc(Br)cc21,"PUBCHEM_BIOASSAY: Navigating the Kinome. (Class of assay: other) Panel member name: CAMK2G"
CHEMBL1978448,CHEMBL3829,"CaM kinase II gamma",Q13555,6.6,Ki,809158,8,CS(=O)(=O)N(Cc1ccc2[nH]c(=O)c3cccn3c2c1)C1CC1,"PUBCHEM_BIOASSAY: Navigating the Kinome. (Class of assay: other) Panel member name: CAMK2G"
CHEMBL2001257,CHEMBL3829,"CaM kinase II gamma",Q13555,5.8,Ki,809158,8,CCN(CC)CC#Cc1cnc(N)c2c(-c3ccc(NC(=O)Nc4cccc(C)c4)cc3)csc12,"PUBCHEM_BIOASSAY: Navigating the Kinome. (Class of assay: other) Panel member name: CAMK2G"
CHEMBL1987793,CHEMBL3829,"CaM kinase II gamma",Q13555,5.6,Ki,809158,8,Cc1ccccc1-c1c(C(=O)O)n(CCCOc2cccc3ccccc23)c2ccccc12,"PUBCHEM_BIOASSAY: Navigating the Kinome. (Class of assay: other) Panel member name: CAMK2G"
CHEMBL1967531,CHEMBL3829,"CaM kinase II gamma",Q13555,5.3,Ki,809158,8,Nc1ncnc2scc(-c3ccc(NC(=O)Nc4ccccc4)cc3)c12,"PUBCHEM_BIOASSAY: Navigating the Kinome. (Class of assay: other) Panel member name: CAMK2G"
CHEMBL1997534,CHEMBL3829,"CaM kinase II gamma",Q13555,5.3,Ki,809158,8,COc1cccc(C(C)NC(=O)c2cc(C)c(-c3ccc4[nH]nc(C)c4c3)s2)c1,"PUBCHEM_BIOASSAY: Navigating the Kinome. (Class of assay: other) Panel member name: CAMK2G"
CHEMBL1985095,CHEMBL3829,"CaM kinase II gamma",Q13555,5.2,Ki,809158,8,NC(=O)Cn1cc(-c2cc(-c3cc4ccccc4s3)c3[nH]ncc3c2)c2nc(N)ncc21,"PUBCHEM_BIOASSAY: Navigating the Kinome. (Class of assay: other) Panel member name: CAMK2G"
CHEMBL1976420,CHEMBL3829,"CaM kinase II gamma",Q13555,5.2,Ki,809158,8,CCc1c(-c2ccc(C(C)(C)O)cc2)[nH]c2nccnc12,"PUBCHEM_BIOASSAY: Navigating the Kinome. (Class of assay: other) Panel member name: CAMK2G"
CHEMBL2002446,CHEMBL3829,"CaM kinase II gamma",Q13555,5.5,Ki,809158,8,CN1CCN(Cc2ccc3c(c2)Cc2c(-c4csc(C#CCOCC5CC5)c4)n[nH]c2-3)CC1,"PUBCHEM_BIOASSAY: Navigating the Kinome. (Class of assay: other) Panel member name: CAMK2G"
CHEMBL497151,CHEMBL3829,"CaM kinase II gamma",Q13555,5.6,Ki,809158,8,O=c1nc(-c2cc3c(Oc4ccc(I)cc4)cncc3s2)[nH]o1,"PUBCHEM_BIOASSAY: Navigating the Kinome. (Class of assay: other) Panel member name: CAMK2G"
CHEMBL246970,CHEMBL3829,"CaM kinase II gamma",Q13555,6.1,Ki,809158,8,NCC1CCC(CNc2nc(NCc3ccccc3Cl)ncc2[N+](=O)[O-])CC1,"PUBCHEM_BIOASSAY: Navigating the Kinome. (Class of assay: other) Panel member name: CAMK2G"
CHEMBL340921,CHEMBL3829,"CaM kinase II gamma",Q13555,5.6,Ki,809158,8,Cc1cc(O)ccc1-n1cc(C(N)=O)c(=O)c2ccc(-c3ccncc3)cc21,"PUBCHEM_BIOASSAY: Navigating the Kinome. (Class of assay: other) Panel member name: CAMK2G"
CHEMBL1973540,CHEMBL3829,"CaM kinase II gamma",Q13555,6.7,Ki,809158,8,O=C1Nc2ccc3ncsc3c2C1=CNc1ccc(S(=O)(=O)Nc2ccccn2)cc1,"PUBCHEM_BIOASSAY: Navigating the Kinome. (Class of assay: other) Panel member name: CAMK2G"
CHEMBL1977346,CHEMBL3829,"CaM kinase II gamma",Q13555,5.3,Ki,809158,8,O=C1Nc2ccccc2Nc2nnc(I)cc21,"PUBCHEM_BIOASSAY: Navigating the Kinome. (Class of assay: other) Panel member name: CAMK2G"
CHEMBL2006439,CHEMBL3829,"CaM kinase II gamma",Q13555,6.3,Ki,809158,8,Clc1cc(-c2c[nH]c3ncccc23)nc(NC2CCCCC2)n1,"PUBCHEM_BIOASSAY: Navigating the Kinome. (Class of assay: other) Panel member name: CAMK2G"
CHEMBL475251,CHEMBL3829,"CaM kinase II gamma",Q13555,6.4,Ki,809158,8,COc1cc(Nc2ncc(F)c(Nc3ccc4c(n3)NC(=O)C(C)(C)O4)n2)cc(OC)c1OC,"PUBCHEM_BIOASSAY: Navigating the Kinome. (Class of assay: other) Panel member name: CAMK2G"
CHEMBL1991674,CHEMBL3829,"CaM kinase II gamma",Q13555,6.1,Ki,809158,8,OC1CCC(Nc2cc(Cl)nc(-c3c[nH]c4ncccc34)n2)CC1,"PUBCHEM_BIOASSAY: Navigating the Kinome. (Class of assay: other) Panel member name: CAMK2G"
CHEMBL1982711,CHEMBL3829,"CaM kinase II gamma",Q13555,6.7,Ki,809158,8,NC(=O)c1ccc(-c2c[nH]c3nccc(Cl)c23)cc1,"PUBCHEM_BIOASSAY: Navigating the Kinome. (Class of assay: other) Panel member name: CAMK2G"
CHEMBL1987982,CHEMBL3829,"CaM kinase II gamma",Q13555,5.5,Ki,809158,8,FC(F)(F)Oc1ccc(-c2ccc3[nH]cc(C4=CCNCC4)c3c2)cc1,"PUBCHEM_BIOASSAY: Navigating the Kinome. (Class of assay: other) Panel member name: CAMK2G"
CHEMBL1998829,CHEMBL3829,"CaM kinase II gamma",Q13555,5.8,Ki,809158,8,O=C(Nc1cnc2[nH]cc(-c3ccccc3)c2c1)c1ccc(Cl)cc1,"PUBCHEM_BIOASSAY: Navigating the Kinome. (Class of assay: other) Panel member name: CAMK2G"
CHEMBL1988838,CHEMBL3829,"CaM kinase II gamma",Q13555,6,Ki,809158,8,Cc1cnc(Nc2cccc(S(N)(=O)=O)c2)nc1Nc1ccc(OCC(N)=O)cc1,"PUBCHEM_BIOASSAY: Navigating the Kinome. (Class of assay: other) Panel member name: CAMK2G"
CHEMBL1981725,CHEMBL3829,"CaM kinase II gamma",Q13555,5.5,Ki,809158,8,CCN1CCN(c2ccc(Nc3nccc(-c4c(-c5cccc(C(=O)Nc6ccccc6F)c5)nc5ccccn45)n3)cc2)CC1,"PUBCHEM_BIOASSAY: Navigating the Kinome. (Class of assay: other) Panel member name: CAMK2G"
CHEMBL462120,CHEMBL3829,"CaM kinase II gamma",Q13555,5.4,Ki,809158,8,Nc1c(-c2ccccc2)c2cc(Cl)ccc2[nH]c1=O,"PUBCHEM_BIOASSAY: Navigating the Kinome. (Class of assay: other) Panel member name: CAMK2G"
CHEMBL1997839,CHEMBL3829,"CaM kinase II gamma",Q13555,5.4,Ki,809158,8,CCOC(=O)c1cn(-c2ccc(O)cc2C)c2cc(-c3ccccc3)ccc2c1=O,"PUBCHEM_BIOASSAY: Navigating the Kinome. (Class of assay: other) Panel member name: CAMK2G"
CHEMBL939,CHEMBL3829,"CaM kinase II gamma",Q13555,5.5,Ki,809158,8,COc1cc2ncnc(Nc3ccc(F)c(Cl)c3)c2cc1OCCCN1CCOCC1,"PUBCHEM_BIOASSAY: Navigating the Kinome. (Class of assay: other) Panel member name: CAMK2G"
CHEMBL1994214,CHEMBL3829,"CaM kinase II gamma",Q13555,5.8,Ki,809158,8,CCNc1nc(C)c(C=CC(C)(C)c2ccc(C(F)(F)F)cc2)c(NCC)n1,"PUBCHEM_BIOASSAY: Navigating the Kinome. (Class of assay: other) Panel member name: CAMK2G"
CHEMBL1965845,CHEMBL3829,"CaM kinase II gamma",Q13555,5.3,Ki,809158,8,COc1cccc(C(C)NC(=O)N2CC=C(c3c[nH]c4ncccc34)CC2)c1,"PUBCHEM_BIOASSAY: Navigating the Kinome. (Class of assay: other) Panel member name: CAMK2G"
CHEMBL1990482,CHEMBL3829,"CaM kinase II gamma",Q13555,5.4,Ki,809158,8,NC(=O)c1cccc2[nH]c(-c3ccncc3)nc12,"PUBCHEM_BIOASSAY: Navigating the Kinome. (Class of assay: other) Panel member name: CAMK2G"
CHEMBL220057,CHEMBL3829,"CaM kinase II gamma",Q13555,5.3,Ki,809158,8,Cc1cccc(NC(=O)Nc2ccc(-c3cccc4[nH]nc(N)c34)cc2)c1,"PUBCHEM_BIOASSAY: Navigating the Kinome. (Class of assay: other) Panel member name: CAMK2G"
CHEMBL1974935,CHEMBL3829,"CaM kinase II gamma",Q13555,5.3,Ki,809158,8,NC(COc1cncc(C=Cc2ccncc2)c1)Cc1c[nH]c2ccccc12,"PUBCHEM_BIOASSAY: Navigating the Kinome. (Class of assay: other) Panel member name: CAMK2G"
CHEMBL1974870,CHEMBL3829,"CaM kinase II gamma",Q13555,8.4,Ki,809158,8,Cc1n[nH]c2ccc(-c3cncc(OCC(N)Cc4cccc(Cl)c4)c3)cc12,"PUBCHEM_BIOASSAY: Navigating the Kinome. (Class of assay: other) Panel member name: CAMK2G"
CHEMBL2002702,CHEMBL3829,"CaM kinase II gamma",Q13555,6.1,Ki,809158,8,Cc1cc(C)c(C=C2C(=O)Nc3ccccc32)[nH]1,"PUBCHEM_BIOASSAY: Navigating the Kinome. (Class of assay: other) Panel member name: CAMK2G"
CHEMBL1970903,CHEMBL3829,"CaM kinase II gamma",Q13555,7.9,Ki,809158,8,Cc1n[nH]c2ccc(-c3cncc(OCC(N)Cc4c[nH]c5ccccc45)c3)cc12,"PUBCHEM_BIOASSAY: Navigating the Kinome. (Class of assay: other) Panel member name: CAMK2G"
CHEMBL387971,CHEMBL3829,"CaM kinase II gamma",Q13555,5.3,Ki,809158,8,COCCOCC#Cc1cc(-c2n[nH]c3c2C(=O)c2cc(CN4CCN(C)CC4)ccc2-3)cs1,"PUBCHEM_BIOASSAY: Navigating the Kinome. (Class of assay: other) Panel member name: CAMK2G"
CHEMBL1516890,CHEMBL3829,"CaM kinase II gamma",Q13555,5.4,Ki,809158,8,Cn1cc(C=C2C(=O)Nc3cccnc32)c2ccccc21,"PUBCHEM_BIOASSAY: Navigating the Kinome. (Class of assay: other) Panel member name: CAMK2G"
CHEMBL1982465,CHEMBL3829,"CaM kinase II gamma",Q13555,5.3,Ki,809158,8,Cc1cccc(NC(=O)Nc2ccc(-c3csc4c(C#CCN5CCOCC5)cnc(N)c34)cc2)c1,"PUBCHEM_BIOASSAY: Navigating the Kinome. (Class of assay: other) Panel member name: CAMK2G"
CHEMBL2001751,CHEMBL3829,"CaM kinase II gamma",Q13555,7.6,Ki,809158,8,NC(COc1cncc(-c2ccc3c(c2)C(=Cc2ccco2)C(=O)N3)c1)Cc1c[nH]c2ccccc12,"PUBCHEM_BIOASSAY: Navigating the Kinome. (Class of assay: other) Panel member name: CAMK2G"
CHEMBL2007002,CHEMBL3829,"CaM kinase II gamma",Q13555,5.3,Ki,809158,8,COc1cc(-c2ccc3[nH]nc(C(=O)Nc4ccccc4)c3c2)ccc1O,"PUBCHEM_BIOASSAY: Navigating the Kinome. (Class of assay: other) Panel member name: CAMK2G"
CHEMBL1987007,CHEMBL3829,"CaM kinase II gamma",Q13555,5.4,Ki,809158,8,CN1CCC(NC(=O)c2cc3c(-c4ccccc4)n[nH]c3s2)CC1,"PUBCHEM_BIOASSAY: Navigating the Kinome. (Class of assay: other) Panel member name: CAMK2G"
CHEMBL1969588,CHEMBL3829,"CaM kinase II gamma",Q13555,7,Ki,809158,8,Clc1cc(-c2c[nH]c3ncccc23)cc(NCc2ccccc2)n1,"PUBCHEM_BIOASSAY: Navigating the Kinome. (Class of assay: other) Panel member name: CAMK2G"
CHEMBL1967878,CHEMBL3829,"CaM kinase II gamma",Q13555,6.8,Ki,809158,8,Cc1cc(Nc2ncc(F)c(NC3C4C=CC(C4)C3C(N)=O)n2)ccc1N1CCN(C)CC1,"PUBCHEM_BIOASSAY: Navigating the Kinome. (Class of assay: other) Panel member name: CAMK2G"
CHEMBL1990254,CHEMBL3829,"CaM kinase II gamma",Q13555,5.5,Ki,809158,8,NCC(NC(=O)c1ccc(-c2ccncc2)cc1)c1ccccc1,"PUBCHEM_BIOASSAY: Navigating the Kinome. (Class of assay: other) Panel member name: CAMK2G"
CHEMBL484390,CHEMBL3829,"CaM kinase II gamma",Q13555,5.3,Ki,809158,8,CCCCn1c(NC(=O)c2ccc(C#N)cc2)nc2cc(N(C)C(=O)C3CCCCC3)ccc21,"PUBCHEM_BIOASSAY: Navigating the Kinome. (Class of assay: other) Panel member name: CAMK2G"
CHEMBL1983255,CHEMBL3829,"CaM kinase II gamma",Q13555,5.5,Ki,809158,8,CCCCOc1ccccc1CCc1cccc2nc(N)nc(N)c12,"PUBCHEM_BIOASSAY: Navigating the Kinome. (Class of assay: other) Panel member name: CAMK2G"
CHEMBL1986499,CHEMBL3829,"CaM kinase II gamma",Q13555,5.8,Ki,809158,8,Nc1n[nH]c2ccc(-c3nnn(Cc4ccccc4)c3-c3ccc(F)cc3)cc12,"PUBCHEM_BIOASSAY: Navigating the Kinome. (Class of assay: other) Panel member name: CAMK2G"
CHEMBL2000393,CHEMBL3829,"CaM kinase II gamma",Q13555,6.3,Ki,809158,8,O=c1[nH]c2cnc(-n3cnc4ccc(F)cc43)nc2n1C1CCOc2c(F)cccc21,"PUBCHEM_BIOASSAY: Navigating the Kinome. (Class of assay: other) Panel member name: CAMK2G"
CHEMBL1992634,CHEMBL3829,"CaM kinase II gamma",Q13555,6.5,Ki,809158,8,Brc1cnc2[nH]cc(-c3ccccc3)c2c1,"PUBCHEM_BIOASSAY: Navigating the Kinome. (Class of assay: other) Panel member name: CAMK2G"
CHEMBL2001239,CHEMBL3829,"CaM kinase II gamma",Q13555,5.2,Ki,809158,8,Nc1ncnc(Nc2cc(CNC(=O)C(F)(F)F)c(O)c(-c3ccc(Cl)cc3)c2)n1,"PUBCHEM_BIOASSAY: Navigating the Kinome. (Class of assay: other) Panel member name: CAMK2G"
CHEMBL1976396,CHEMBL3829,"CaM kinase II gamma",Q13555,5.4,Ki,809158,8,Cc1cc(C(=O)NCCOCCOCCN)ccc1-c1cccc2c(CCCOc3cccc4ccccc34)c(C(=O)O)[nH]c12,"PUBCHEM_BIOASSAY: Navigating the Kinome. (Class of assay: other) Panel member name: CAMK2G"
CHEMBL1988594,CHEMBL3829,"CaM kinase II gamma",Q13555,5.3,Ki,809158,8,Nc1ncnc2scc(C(=O)Nc3ccc(NC(=O)Nc4ccccc4)cc3)c12,"PUBCHEM_BIOASSAY: Navigating the Kinome. (Class of assay: other) Panel member name: CAMK2G"
CHEMBL396523,CHEMBL3829,"CaM kinase II gamma",Q13555,5.8,Ki,809158,8,O=C(O)c1ccccc1Nc1ccnc(Nc2ccc3[nH]ncc3c2)n1,"PUBCHEM_BIOASSAY: Navigating the Kinome. (Class of assay: other) Panel member name: CAMK2G"
CHEMBL2005375,CHEMBL3829,"CaM kinase II gamma",Q13555,5.6,Ki,809158,8,CCC1C(=O)N(C)c2cnc(Nc3ccc(C(=O)NC4CCCCC4)cc3OC)nc2N1C1CCCC1,"PUBCHEM_BIOASSAY: Navigating the Kinome. (Class of assay: other) Panel member name: CAMK2G"
CHEMBL394790,CHEMBL3829,"CaM kinase II gamma",Q13555,5.2,Ki,809158,8,Nc1nccc2scc(-c3ccc(NC(=O)Nc4cccc(Cl)c4)cc3)c12,"PUBCHEM_BIOASSAY: Navigating the Kinome. (Class of assay: other) Panel member name: CAMK2G"
CHEMBL1974702,CHEMBL3829,"CaM kinase II gamma",Q13555,5.3,Ki,809158,8,Cc1nc2c(sc3c(Br)ccc(Cl)c32)c(=O)o1,"PUBCHEM_BIOASSAY: Navigating the Kinome. (Class of assay: other) Panel member name: CAMK2G"
CHEMBL1969664,CHEMBL3829,"CaM kinase II gamma",Q13555,5.3,Ki,809158,8,N#Cc1ccc2[nH]c(O)c(-c3ccc(CN4CCOCC4)cn3)c2c1,"PUBCHEM_BIOASSAY: Navigating the Kinome. (Class of assay: other) Panel member name: CAMK2G"
CHEMBL1988437,CHEMBL3829,"CaM kinase II gamma",Q13555,5.2,Ki,809158,8,CNC(=O)c1ccccc1Sc1ccc2c(C=Cc3ccccn3)n[nH]c2c1,"PUBCHEM_BIOASSAY: Navigating the Kinome. (Class of assay: other) Panel member name: CAMK2G"
CHEMBL1998121,CHEMBL3829,"CaM kinase II gamma",Q13555,5.5,Ki,809158,8,NCCC(C(=O)Nc1ccc2[nH]ncc2c1)c1ccc(Cl)c(Cl)c1,"PUBCHEM_BIOASSAY: Navigating the Kinome. (Class of assay: other) Panel member name: CAMK2G"
CHEMBL1979577,CHEMBL3829,"CaM kinase II gamma",Q13555,5.8,Ki,809158,8,Cc1cccc(NC(=O)Nc2ccc(-c3csc4c(C#CC(C)(C)N)cnc(N)c34)cc2)c1,"PUBCHEM_BIOASSAY: Navigating the Kinome. (Class of assay: other) Panel member name: CAMK2G"
CHEMBL1996817,CHEMBL3829,"CaM kinase II gamma",Q13555,7.3,Ki,809158,8,CCCCOc1ncnc2[nH]cc(-c3ccccc3)c12,"PUBCHEM_BIOASSAY: Navigating the Kinome. (Class of assay: other) Panel member name: CAMK2G"
CHEMBL1990884,CHEMBL3829,"CaM kinase II gamma",Q13555,5.2,Ki,809158,8,Cc1cc(C)c2oc(Nc3ccc(-c4cccc(C(N)=O)c4N)cc3F)nc2c1,"PUBCHEM_BIOASSAY: Navigating the Kinome. (Class of assay: other) Panel member name: CAMK2G"
CHEMBL1990885,CHEMBL3829,"CaM kinase II gamma",Q13555,7.4,Ki,809158,8,CCN(CC)CCNC(=O)c1c(C)[nH]c(C=C2C(=O)Nc3ccc(F)cc32)c1C,"PUBCHEM_BIOASSAY: Navigating the Kinome. (Class of assay: other) Panel member name: CAMK2G"
CHEMBL1986943,CHEMBL3829,"CaM kinase II gamma",Q13555,7.5,Ki,809158,8,OC1CCC(Nc2nc(Cl)cc(-c3c[nH]c4ncccc34)n2)CC1,"PUBCHEM_BIOASSAY: Navigating the Kinome. (Class of assay: other) Panel member name: CAMK2G"
CHEMBL1969042,CHEMBL3829,"CaM kinase II gamma",Q13555,5.5,Ki,809158,8,Oc1ccc(Nc2[nH]nc(-c3ccc(O)cc3)c2-c2ccc(O)cc2)cc1,"PUBCHEM_BIOASSAY: Navigating the Kinome. (Class of assay: other) Panel member name: CAMK2G"
CHEMBL1999931,CHEMBL3829,"CaM kinase II gamma",Q13555,6.5,Ki,809158,8,O=C(Nc1n[nH]c2ccc(-c3cn(Cc4ccccc4)nn3)cc12)c1ccccc1,"PUBCHEM_BIOASSAY: Navigating the Kinome. (Class of assay: other) Panel member name: CAMK2G"
CHEMBL2007064,CHEMBL3829,"CaM kinase II gamma",Q13555,5.7,Ki,809158,8,Cc1[nH]c(C=C2C(=O)Nc3ccccc32)c(C)c1CCC(=O)O,"PUBCHEM_BIOASSAY: Navigating the Kinome. (Class of assay: other) Panel member name: CAMK2G"
CHEMBL1981047,CHEMBL3829,"CaM kinase II gamma",Q13555,5.7,Ki,809158,8,COC(C(=O)N1Cc2[nH]nc(NC(=O)c3ccc(N4CCN(C)CC4)cc3)c2C1)c1ccccc1,"PUBCHEM_BIOASSAY: Navigating the Kinome. (Class of assay: other) Panel member name: CAMK2G"
CHEMBL1991063,CHEMBL3829,"CaM kinase II gamma",Q13555,7.8,Ki,809158,8,Cc1n[nH]c2ccc(-c3cncc(OCC(N)Cc4ccc(Cl)c(Cl)c4)c3)cc12,"PUBCHEM_BIOASSAY: Navigating the Kinome. (Class of assay: other) Panel member name: CAMK2G"
CHEMBL1979093,CHEMBL3829,"CaM kinase II gamma",Q13555,5.5,Ki,809158,8,COc1ccc(-c2ccc(NC(=O)Nc3ccc(F)c(C)c3)cc2)c2c(N)noc12,"PUBCHEM_BIOASSAY: Navigating the Kinome. (Class of assay: other) Panel member name: CAMK2G"
CHEMBL2002726,CHEMBL3829,"CaM kinase II gamma",Q13555,7.6,Ki,809158,8,Cc1n[nH]c2ccc(-c3cncc(OCC(N)Cc4ccccc4)c3)cc12,"PUBCHEM_BIOASSAY: Navigating the Kinome. (Class of assay: other) Panel member name: CAMK2G"
CHEMBL226403,CHEMBL3829,"CaM kinase II gamma",Q13555,5.4,Ki,809158,8,O=C1NCCc2[nH]c(-c3ccnc(-c4cnc5ccccc5c4)c3)cc21,"PUBCHEM_BIOASSAY: Navigating the Kinome. (Class of assay: other) Panel member name: CAMK2G"
CHEMBL1997846,CHEMBL3829,"CaM kinase II gamma",Q13555,5.8,Ki,809158,8,Clc1cc(NC2CCCCC2)nc(-c2c[nH]c3ncccc23)n1,"PUBCHEM_BIOASSAY: Navigating the Kinome. (Class of assay: other) Panel member name: CAMK2G"
CHEMBL2004419,CHEMBL3829,"CaM kinase II gamma",Q13555,5.2,Ki,809158,8,CC(C)Cn1c(N)nc2c(F)cc(-c3c(-c4ccc(F)cc4)nc4sccn34)cc21,"PUBCHEM_BIOASSAY: Navigating the Kinome. (Class of assay: other) Panel member name: CAMK2G"
CHEMBL1994074,CHEMBL3829,"CaM kinase II gamma",Q13555,5.5,Ki,809158,8,Brc1ccc2[nH]nc(-c3ccccc3)c2c1,"PUBCHEM_BIOASSAY: Navigating the Kinome. (Class of assay: other) Panel member name: CAMK2G"
CHEMBL1986328,CHEMBL3829,"CaM kinase II gamma",Q13555,5.4,Ki,809158,8,CN(C)C(=O)Nc1ccc2nc(-c3ccco3)c(-c3ccco3)nc2c1,"PUBCHEM_BIOASSAY: Navigating the Kinome. (Class of assay: other) Panel member name: CAMK2G"
CHEMBL2003638,CHEMBL3829,"CaM kinase II gamma",Q13555,6.3,Ki,809158,8,O=C(Nc1n[nH]c2ccc(-c3cn(Cc4ccccc4)nn3)cc12)c1cccc(F)c1,"PUBCHEM_BIOASSAY: Navigating the Kinome. (Class of assay: other) Panel member name: CAMK2G"
CHEMBL1375640,CHEMBL3829,"CaM kinase II gamma",Q13555,5.2,Ki,809158,8,Cc1nc(COc2ccccc2Cl)sc1-c1ccnc(N)n1,"PUBCHEM_BIOASSAY: Navigating the Kinome. (Class of assay: other) Panel member name: CAMK2G"
CHEMBL1967720,CHEMBL3829,"CaM kinase II gamma",Q13555,5.2,Ki,809158,8,CC(C)(C(N)=O)n1cc(-c2cnc(N)c3c(-c4ccc(NC(=O)Nc5cccc(F)c5)cc4)csc23)cn1,"PUBCHEM_BIOASSAY: Navigating the Kinome. (Class of assay: other) Panel member name: CAMK2G"
CHEMBL1989029,CHEMBL3829,"CaM kinase II gamma",Q13555,5.4,Ki,809158,8,CC(C)OC1=NNC(=O)C1=Cc1c[nH]c2ccccc12,"PUBCHEM_BIOASSAY: Navigating the Kinome. (Class of assay: other) Panel member name: CAMK2G"
CHEMBL392642,CHEMBL3829,"CaM kinase II gamma",Q13555,6.2,Ki,809158,8,CSc1ccccc1CNc1ncc([N+](=O)[O-])c(NCC2CCC(CN)CC2)n1,"PUBCHEM_BIOASSAY: Navigating the Kinome. (Class of assay: other) Panel member name: CAMK2G"
CHEMBL231209,CHEMBL3829,"CaM kinase II gamma",Q13555,5.2,Ki,809158,8,Nc1nccc2scc(-c3ccc(NC(=O)Nc4cccc(F)c4)cc3)c12,"PUBCHEM_BIOASSAY: Navigating the Kinome. (Class of assay: other) Panel member name: CAMK2G"
CHEMBL1976220,CHEMBL3829,"CaM kinase II gamma",Q13555,5.5,Ki,809158,8,Nc1nccc2scc(-c3ccc(NC(=O)Nc4cccc(Br)c4)cc3)c12,"PUBCHEM_BIOASSAY: Navigating the Kinome. (Class of assay: other) Panel member name: CAMK2G"
CHEMBL1997617,CHEMBL3829,"CaM kinase II gamma",Q13555,5.4,Ki,809158,8,CN1CCN(C2CCC(n3cc(-c4ccc(Oc5ccccc5)cc4)c4c(N)ncnc43)CC2)CC1,"PUBCHEM_BIOASSAY: Navigating the Kinome. (Class of assay: other) Panel member name: CAMK2G"
CHEMBL1969301,CHEMBL3829,"CaM kinase II gamma",Q13555,5.3,Ki,809158,8,CCCCn1c(NC(=O)c2cccc(C#N)c2)nc2cc(N(C)C(=O)C3CCCCC3)ccc21,"PUBCHEM_BIOASSAY: Navigating the Kinome. (Class of assay: other) Panel member name: CAMK2G"
CHEMBL1980297,CHEMBL3829,"CaM kinase II gamma",Q13555,5.3,Ki,809158,8,Nc1ncc(-c2cnn(CCO)c2)c2scc(-c3ccc(NC(=O)Nc4cccc(F)c4)cc3)c12,"PUBCHEM_BIOASSAY: Navigating the Kinome. (Class of assay: other) Panel member name: CAMK2G"
CHEMBL1985690,CHEMBL3829,"CaM kinase II gamma",Q13555,5.2,Ki,809158,8,CCCCOc1ccc(C(C)(C)CC)cc1S(=O)(=O)Nc1ccc(-c2csc3ncnc(N)c23)cc1,"PUBCHEM_BIOASSAY: Navigating the Kinome. (Class of assay: other) Panel member name: CAMK2G"
CHEMBL243088,CHEMBL3829,"CaM kinase II gamma",Q13555,5.7,Ki,809158,8,O=C(O)c1ccccc1Nc1ccnc(Nc2cccc(O)c2)n1,"PUBCHEM_BIOASSAY: Navigating the Kinome. (Class of assay: other) Panel member name: CAMK2G"
CHEMBL1993661,CHEMBL3829,"CaM kinase II gamma",Q13555,7.4,Ki,809158,8,CNS(=O)(=O)c1ccccc1Nc1nc(Nc2cc(OC)c(OC)c(OC)c2)ncc1Cl,"PUBCHEM_BIOASSAY: Navigating the Kinome. (Class of assay: other) Panel member name: CAMK2G"
CHEMBL1974416,CHEMBL3829,"CaM kinase II gamma",Q13555,6.1,Ki,809158,8,O=C(Nc1cnc2[nH]cc(-c3ccccc3)c2c1)c1cccc(F)c1F,"PUBCHEM_BIOASSAY: Navigating the Kinome. (Class of assay: other) Panel member name: CAMK2G"
CHEMBL2004615,CHEMBL3829,"CaM kinase II gamma",Q13555,6,Ki,809158,8,CSc1nn(-c2ccccn2)c(N)c1C(N)=O,"PUBCHEM_BIOASSAY: Navigating the Kinome. (Class of assay: other) Panel member name: CAMK2G"
CHEMBL1984039,CHEMBL3829,"CaM kinase II gamma",Q13555,5.2,Ki,809158,8,Cc1nn(C)c(C)c1-c1cccc2c(CCCOc3cccc4ccccc34)c(C(=O)O)[nH]c12,"PUBCHEM_BIOASSAY: Navigating the Kinome. (Class of assay: other) Panel member name: CAMK2G"
CHEMBL1964290,CHEMBL3829,"CaM kinase II gamma",Q13555,5.7,Ki,809158,8,Cc1cccc(-c2[nH]c(-c3ccnc(N)n3)cc2C(N)=O)c1C,"PUBCHEM_BIOASSAY: Navigating the Kinome. (Class of assay: other) Panel member name: CAMK2G"
CHEMBL1987034,CHEMBL3829,"CaM kinase II gamma",Q13555,7.2,Ki,809158,8,N#CCOc1ccc(Nc2nc(Nc3cccc(S(N)(=O)=O)c3)ncc2Br)cc1,"PUBCHEM_BIOASSAY: Navigating the Kinome. (Class of assay: other) Panel member name: CAMK2G"
CHEMBL2005886,CHEMBL3829,"CaM kinase II gamma",Q13555,6,Ki,809158,8,Cc1cc(N2CCOCC2)cc2[nH]c(-c3c(NCC(O)c4cccc(Cl)c4)cc[nH]c3=O)nc12,"PUBCHEM_BIOASSAY: Navigating the Kinome. (Class of assay: other) Panel member name: CAMK2G"
CHEMBL481491,CHEMBL3829,"CaM kinase II gamma",Q13555,5.4,Ki,809158,8,NC(=O)c1sc(-n2cnc3ccccc32)cc1OCc1ccccc1C(F)(F)F,"PUBCHEM_BIOASSAY: Navigating the Kinome. (Class of assay: other) Panel member name: CAMK2G"
CHEMBL1973142,CHEMBL3829,"CaM kinase II gamma",Q13555,5.8,Ki,809158,8,CC(=O)Nc1c(C(N)=O)sc2ccc(Cl)c(Cl)c12,"PUBCHEM_BIOASSAY: Navigating the Kinome. (Class of assay: other) Panel member name: CAMK2G"
CHEMBL1982924,CHEMBL3829,"CaM kinase II gamma",Q13555,6.2,Ki,809158,8,COc1cccc(C(=O)Nc2cnc3[nH]cc(-c4ccccc4)c3c2)c1,"PUBCHEM_BIOASSAY: Navigating the Kinome. (Class of assay: other) Panel member name: CAMK2G"
CHEMBL2005936,CHEMBL3829,"CaM kinase II gamma",Q13555,5.9,Ki,809158,8,CCCC(=O)Nc1n[nH]c2ccc(-c3nnn(Cc4ccccc4)c3-c3ccccc3)cc12,"PUBCHEM_BIOASSAY: Navigating the Kinome. (Class of assay: other) Panel member name: CAMK2G"
CHEMBL1966628,CHEMBL3829,"CaM kinase II gamma",Q13555,8.4,Ki,809158,8,NC1CCC(Nc2nccc(-c3c[nH]c4ncccc34)n2)CC1,"PUBCHEM_BIOASSAY: Navigating the Kinome. (Class of assay: other) Panel member name: CAMK2G"
CHEMBL1995813,CHEMBL3829,"CaM kinase II gamma",Q13555,7.1,Ki,809158,8,NC1CCCCC1Nc1nccc(-c2c[nH]c3ncccc23)n1,"PUBCHEM_BIOASSAY: Navigating the Kinome. (Class of assay: other) Panel member name: CAMK2G"
CHEMBL244378,CHEMBL3829,"CaM kinase II gamma",Q13555,6.2,Ki,809158,8,O=C(O)c1ccccc1Nc1ccnc(Nc2ccc3cn[nH]c3c2)n1,"PUBCHEM_BIOASSAY: Navigating the Kinome. (Class of assay: other) Panel member name: CAMK2G"
CHEMBL362558,CHEMBL3829,"CaM kinase II gamma",Q13555,5.5,Ki,809158,8,O=C1NC(=O)C(c2cnc3ccccn23)=C1c1cn2c3c(cc(F)cc13)CN(C(=O)N1CCCCC1)CC2,"PUBCHEM_BIOASSAY: Navigating the Kinome. (Class of assay: other) Panel member name: CAMK2G"
CHEMBL2006263,CHEMBL3829,"CaM kinase II gamma",Q13555,5.7,Ki,809158,8,Cc1nc2ccc(NS(=O)(=O)c3ccc(N)cc3)cc2nc1C,"PUBCHEM_BIOASSAY: Navigating the Kinome. (Class of assay: other) Panel member name: CAMK2G"
CHEMBL1986263,CHEMBL3829,"CaM kinase II gamma",Q13555,6.5,Ki,809158,8,CCn1c(C)c(-c2ccnc(Nc3cccc(OC)c3)n2)sc1=O,"PUBCHEM_BIOASSAY: Navigating the Kinome. (Class of assay: other) Panel member name: CAMK2G"
CHEMBL2000114,CHEMBL3829,"CaM kinase II gamma",Q13555,5.8,Ki,809158,8,CSc1c[nH]c2ncnc(NCCCO)c12,"PUBCHEM_BIOASSAY: Navigating the Kinome. (Class of assay: other) Panel member name: CAMK2G"
CHEMBL1968380,CHEMBL3829,"CaM kinase II gamma",Q13555,6.7,Ki,809158,8,CCC1C(=O)N(C)c2cnc(Nc3ccc(C(=O)NC4CCN(C)CC4)cc3OC)nc2N1C1CCCC1,"PUBCHEM_BIOASSAY: Navigating the Kinome. (Class of assay: other) Panel member name: CAMK2G"
CHEMBL1977681,CHEMBL3829,"CaM kinase II gamma",Q13555,5.5,Ki,809158,8,CNC(=O)c1cc2c(-c3ccccc3F)n[nH]c2s1,"PUBCHEM_BIOASSAY: Navigating the Kinome. (Class of assay: other) Panel member name: CAMK2G"
CHEMBL223360,CHEMBL3829,"CaM kinase II gamma",Q13555,5.4,Ki,809158,8,Cc1ccc(F)c(NC(=O)Nc2ccc(-c3cccc4[nH]nc(N)c34)cc2)c1,"PUBCHEM_BIOASSAY: Navigating the Kinome. (Class of assay: other) Panel member name: CAMK2G"
CHEMBL1988163,CHEMBL3829,"CaM kinase II gamma",Q13555,6.9,Ki,809158,8,NS(=O)(=O)c1cccc(Nc2ncc3ccn(-c4ccccc4)c3n2)c1,"PUBCHEM_BIOASSAY: Navigating the Kinome. (Class of assay: other) Panel member name: CAMK2G"
CHEMBL2002649,CHEMBL3829,"CaM kinase II gamma",Q13555,5.7,Ki,809158,8,COc1ccc2c(c1)C(=Cc1c[nH]cn1)C(=O)N2,"PUBCHEM_BIOASSAY: Navigating the Kinome. (Class of assay: other) Panel member name: CAMK2G"
CHEMBL1998585,CHEMBL3829,"CaM kinase II gamma",Q13555,5.9,Ki,809158,8,Nc1ncnc2scc(-c3ccc(NC(=O)Nc4cc(C(F)(F)F)ccc4F)cc3)c12,"PUBCHEM_BIOASSAY: Navigating the Kinome. (Class of assay: other) Panel member name: CAMK2G"
CHEMBL519697,CHEMBL3829,"CaM kinase II gamma",Q13555,5.4,Ki,809158,8,CN(C(=O)C1CCCCC1)c1ccc2c(c1)nc(NC(=O)c1ccc(C#N)cc1)n2C,"PUBCHEM_BIOASSAY: Navigating the Kinome. (Class of assay: other) Panel member name: CAMK2G"
CHEMBL1966425,CHEMBL3829,"CaM kinase II gamma",Q13555,5.4,Ki,809158,8,CN(C)CCCOc1cc2c(c(-c3ccc(Nc4nc5ccccc5o4)cc3)c1)CNC2=O,"PUBCHEM_BIOASSAY: Navigating the Kinome. (Class of assay: other) Panel member name: CAMK2G"
CHEMBL1984363,CHEMBL3829,"CaM kinase II gamma",Q13555,5.2,Ki,809158,8,Cc1cc(NC(=O)Cc2ccc(-c3cccc4[nH]nc(N)c34)cc2)ccc1F,"PUBCHEM_BIOASSAY: Navigating the Kinome. (Class of assay: other) Panel member name: CAMK2G"
CHEMBL1978099,CHEMBL3829,"CaM kinase II gamma",Q13555,6.1,Ki,809158,8,CNC(=O)COc1ccc(Nc2nc(Nc3ccc(C)c(S(N)(=O)=O)c3)ncc2F)cc1,"PUBCHEM_BIOASSAY: Navigating the Kinome. (Class of assay: other) Panel member name: CAMK2G"
CHEMBL178737,CHEMBL3829,"CaM kinase II gamma",Q13555,5.4,Ki,809158,8,O=C1NC(=O)C(c2cnc3ccccn23)=C1c1cn2c3c(cccc13)CN(C(=O)N1CCOCC1)CC2,"PUBCHEM_BIOASSAY: Navigating the Kinome. (Class of assay: other) Panel member name: CAMK2G"
CHEMBL1998159,CHEMBL3829,"CaM kinase II gamma",Q13555,8,Ki,809158,8,Cc1n[nH]c2cnc(-c3cncc(OCC(N)Cc4cccc(C(F)(F)F)c4)c3)cc12,"PUBCHEM_BIOASSAY: Navigating the Kinome. (Class of assay: other) Panel member name: CAMK2G"
CHEMBL1987679,CHEMBL3829,"CaM kinase II gamma",Q13555,5.3,Ki,809158,8,NC(COc1cncc(-c2ccc3[nH]c(=O)oc3c2)c1)Cc1c[nH]c2ccccc12,"PUBCHEM_BIOASSAY: Navigating the Kinome. (Class of assay: other) Panel member name: CAMK2G"
CHEMBL1974803,CHEMBL3829,"CaM kinase II gamma",Q13555,5.9,Ki,809158,8,O=c1[nH]c2cc(Cl)cc(Cl)c2c(-c2cc(Cl)ccc2O)c1O,"PUBCHEM_BIOASSAY: Navigating the Kinome. (Class of assay: other) Panel member name: CAMK2G"
CHEMBL1990635,CHEMBL3829,"CaM kinase II gamma",Q13555,5.4,Ki,809158,8,CC1CCCN1CCc1cc2cc(-c3ccc(OC(F)(F)F)cc3)ccc2[nH]1,"PUBCHEM_BIOASSAY: Navigating the Kinome. (Class of assay: other) Panel member name: CAMK2G"
CHEMBL1968791,CHEMBL3829,"CaM kinase II gamma",Q13555,5.6,Ki,809158,8,Cc1c(-c2cccc(OCc3ccccc3)c2)c2c(N)ncnc2n1C1CC(CN2CCCC2)C1,"PUBCHEM_BIOASSAY: Navigating the Kinome. (Class of assay: other) Panel member name: CAMK2G"
CHEMBL2002682,CHEMBL3829,"CaM kinase II gamma",Q13555,5.7,Ki,809158,8,Cc1cccc(Cl)c1-c1cccc2c(CCCOc3cccc4ccccc34)c(C(=O)NCCOCCOCCN)[nH]c12,"PUBCHEM_BIOASSAY: Navigating the Kinome. (Class of assay: other) Panel member name: CAMK2G"
CHEMBL1973211,CHEMBL3829,"CaM kinase II gamma",Q13555,5.7,Ki,809158,8,Cc1cccc(NC(=O)Nc2ccc(-c3csc4c(C#CCN5CCCC5)cnc(N)c34)cc2)c1,"PUBCHEM_BIOASSAY: Navigating the Kinome. (Class of assay: other) Panel member name: CAMK2G"
CHEMBL1972125,CHEMBL3829,"CaM kinase II gamma",Q13555,5.7,Ki,809158,8,Nc1ccc(-c2cncc(OCC(N)Cc3c[nH]c4ccccc34)c2)cc1C(=O)c1ccccc1,"PUBCHEM_BIOASSAY: Navigating the Kinome. (Class of assay: other) Panel member name: CAMK2G"
CHEMBL1976134,CHEMBL3829,"CaM kinase II gamma",Q13555,5.5,Ki,809158,8,c1cc2cc(-c3ccc4cn[nH]c4c3)cnc2[nH]1,"PUBCHEM_BIOASSAY: Navigating the Kinome. (Class of assay: other) Panel member name: CAMK2G"
CHEMBL1965131,CHEMBL3829,"CaM kinase II gamma",Q13555,5.6,Ki,809158,8,Cc1ccc(C(=O)Nc2c(C(N)=O)sc3ccc(Cl)c(Cl)c23)cc1,"PUBCHEM_BIOASSAY: Navigating the Kinome. (Class of assay: other) Panel member name: CAMK2G"
CHEMBL1972158,CHEMBL3829,"CaM kinase II gamma",Q13555,5.9,Ki,809158,8,Nc1n[nH]c2ccc(-c3nnn(Cc4ccccc4)c3-c3ccccc3)cc12,"PUBCHEM_BIOASSAY: Navigating the Kinome. (Class of assay: other) Panel member name: CAMK2G"
CHEMBL482767,CHEMBL3829,"CaM kinase II gamma",Q13555,5.7,Ki,809158,8,O=C(Nc1cccc(Cl)c1)Nc1ncc(CCN=c2[nH]cnc3ccsc23)s1,"PUBCHEM_BIOASSAY: Navigating the Kinome. (Class of assay: other) Panel member name: CAMK2G"
CHEMBL1970340,CHEMBL3829,"CaM kinase II gamma",Q13555,5.2,Ki,809158,8,Nc1noc2cccc(-c3cccc(O)c3)c12,"PUBCHEM_BIOASSAY: Navigating the Kinome. (Class of assay: other) Panel member name: CAMK2G"
CHEMBL1975534,CHEMBL3829,"CaM kinase II gamma",Q13555,5.6,Ki,809158,8,NCC(O)C(O)Cn1cc(I)c2c(N)ncnc21,"PUBCHEM_BIOASSAY: Navigating the Kinome. (Class of assay: other) Panel member name: CAMK2G"
CHEMBL1993424,CHEMBL3829,"CaM kinase II gamma",Q13555,6.5,Ki,809158,8,NS(=O)(=O)c1cccc(Nc2ncc3ccn(Cc4ccccc4)c3n2)c1,"PUBCHEM_BIOASSAY: Navigating the Kinome. (Class of assay: other) Panel member name: CAMK2G"
CHEMBL1971943,CHEMBL3829,"CaM kinase II gamma",Q13555,5.5,Ki,809158,8,Cc1c[nH]c2nccc(Oc3c(F)cc(Nc4cc(Cl)nc(N)n4)cc3F)c12,"PUBCHEM_BIOASSAY: Navigating the Kinome. (Class of assay: other) Panel member name: CAMK2G"
CHEMBL1988537,CHEMBL3829,"CaM kinase II gamma",Q13555,6.8,Ki,809158,8,COc1ccc(C(=O)N2c3ccccc3Sc3c(Cl)cncc32)cc1,"PUBCHEM_BIOASSAY: Navigating the Kinome. (Class of assay: other) Panel member name: CAMK2G"
CHEMBL2003405,CHEMBL3829,"CaM kinase II gamma",Q13555,5.4,Ki,809158,8,CCCC(=O)c1ccc(NCc2c[nH]nc2-c2ccc(C(F)(F)F)cc2)cc1,"PUBCHEM_BIOASSAY: Navigating the Kinome. (Class of assay: other) Panel member name: CAMK2G"
CHEMBL1998611,CHEMBL3829,"CaM kinase II gamma",Q13555,5.7,Ki,809158,8,NC(=O)c1sc2c(Br)ccc(Cl)c2c1N,"PUBCHEM_BIOASSAY: Navigating the Kinome. (Class of assay: other) Panel member name: CAMK2G"
CHEMBL1973098,CHEMBL3829,"CaM kinase II gamma",Q13555,5.3,Ki,809158,8,COc1cc(C=C2SC(=S)NC2=O)ccc1O,"PUBCHEM_BIOASSAY: Navigating the Kinome. (Class of assay: other) Panel member name: CAMK2G"
CHEMBL2006778,CHEMBL3829,"CaM kinase II gamma",Q13555,5.3,Ki,809158,8,CNC(=O)C=Cc1cnc(N)c2c(-c3cc(F)c4[nH]c(C)cc4c3)csc12,"PUBCHEM_BIOASSAY: Navigating the Kinome. (Class of assay: other) Panel member name: CAMK2G"
CHEMBL1996979,CHEMBL3829,"CaM kinase II gamma",Q13555,6.3,Ki,809158,8,O=C(Nc1cnc2[nH]cc(-c3ccccc3)c2c1)c1c(F)cccc1F,"PUBCHEM_BIOASSAY: Navigating the Kinome. (Class of assay: other) Panel member name: CAMK2G"
CHEMBL1990496,CHEMBL3829,"CaM kinase II gamma",Q13555,5.3,Ki,809158,8,Cn1c(NCC(N)Cc2ccccc2)nc(-c2ccncc2)c(-c2ccc3ccccc3c2)c1=O,"PUBCHEM_BIOASSAY: Navigating the Kinome. (Class of assay: other) Panel member name: CAMK2G"
CHEMBL2002479,CHEMBL3829,"CaM kinase II gamma",Q13555,5.6,Ki,809158,8,NCCCOc1cc2c(c(-c3ccc(Nc4nc5ccc(Cl)cc5o4)cc3)c1)CNC2=O,"PUBCHEM_BIOASSAY: Navigating the Kinome. (Class of assay: other) Panel member name: CAMK2G"
CHEMBL1982992,CHEMBL3829,"CaM kinase II gamma",Q13555,5.6,Ki,809158,8,Oc1cccc(Nc2ncnc3scc(Cl)c23)c1,"PUBCHEM_BIOASSAY: Navigating the Kinome. (Class of assay: other) Panel member name: CAMK2G"
CHEMBL1981079,CHEMBL3829,"CaM kinase II gamma",Q13555,5.2,Ki,809158,8,NC(=O)c1cc(-c2ccnc(N)n2)[nH]c1-c1ccc(Cl)cc1F,"PUBCHEM_BIOASSAY: Navigating the Kinome. (Class of assay: other) Panel member name: CAMK2G"
CHEMBL2153264,CHEMBL3829,"CaM kinase II gamma",Q13555,4.4,Kd,853856,8,Nc1nc2c(-c3ccccn3)nccc2[nH]1,"Binding affinity to CAMK2G"
CHEMBL3975634,CHEMBL3829,"CaM kinase II gamma",Q13555,9.15,IC50,1535331,8,CN[C@H]1CC2OC([C@H]1OC)n1c3ccccc3c3c4c(c5c6ccccc6n2c5c31)C(O)=NC4,"Kinase Inhibition Assay: The compound of Example 39, 2-(1H-indol-5-ylamino)-6-(2,4-difluorophenylsulfonyl)-8-methylpyrido[2,3-d]pyrimidin-7(8H)-one, was subjected to a kinase inhibition assay for the kinases. Compounds were tested in 5 dose IC50 mode with 10-fold serial dilution starting at 10 M. Staurosporine, a known protein kinase inhibitor, was tested in 5-dose IC50 mode with 3-fold serial dilution starting at 20 M. Reactions were carried out in 10 M ATP. The results are shown in Table 5. The results show that the compound of Example 39 is a kinase inhibitor highly selective for the kinase Plk2."
CHEMBL3301610,CHEMBL3829,"CaM kinase II gamma",Q13555,7.75,Kd,1642822,9,CCN1CCN(Cc2ccc(Nc3ncc(F)c(-c4cc(F)c5nc(C)n(C(C)C)c5c4)n3)nc2)CC1,"Kinobeads (epsilon), multiple immobilized ATP-competitive broad spectrum kinase inhibitors, used to assess residual binding of ~300 proteins simultaneously from cell lysate in the presence of a compound. Quantitative readout performed by mass spectrometry."
CHEMBL3301622,CHEMBL3829,"CaM kinase II gamma",Q13555,6.77,Kd,1642822,9,CCc1nc(C(N)=O)c(Nc2ccc(N3CCC(N4CCN(C)CC4)CC3)c(OC)c2)nc1NC1CCOCC1,"Kinobeads (epsilon), multiple immobilized ATP-competitive broad spectrum kinase inhibitors, used to assess residual binding of ~300 proteins simultaneously from cell lysate in the presence of a compound. Quantitative readout performed by mass spectrometry."
CHEMBL2105728,CHEMBL3829,"CaM kinase II gamma",Q13555,6.12,Kd,1642822,9,CC1(COc2ccc3c(c2)ncn3-c2ccc3cccc(N4CCC(N)CC4)c3n2)COC1,"Kinobeads (epsilon), multiple immobilized ATP-competitive broad spectrum kinase inhibitors, used to assess residual binding of ~300 proteins simultaneously from cell lysate in the presence of a compound. Quantitative readout performed by mass spectrometry."
CHEMBL603469,CHEMBL3829,"CaM kinase II gamma",Q13555,6.51,Kd,1642822,9,C[C@]12O[C@H](C[C@]1(O)CO)n1c3ccccc3c3c4c(c5c6ccccc6n2c5c31)CNC4=O,"Kinobeads (epsilon), multiple immobilized ATP-competitive broad spectrum kinase inhibitors, used to assess residual binding of ~300 proteins simultaneously from cell lysate in the presence of a compound. Quantitative readout performed by mass spectrometry."
CHEMBL3991935,CHEMBL3829,"CaM kinase II gamma",Q13555,5.87,Kd,1642822,9,CN1CC[C@@H](c2c(O)cc(O)c3c(=O)cc(-c4ccccc4Cl)oc23)[C@@H]1CO.Cl,"Kinobeads (epsilon), multiple immobilized ATP-competitive broad spectrum kinase inhibitors, used to assess residual binding of ~300 proteins simultaneously from cell lysate in the presence of a compound. Quantitative readout performed by mass spectrometry."
CHEMBL1078178,CHEMBL3829,"CaM kinase II gamma",Q13555,6.22,Kd,1642822,9,N#CCNC(=O)c1ccc(-c2ccnc(Nc3ccc(N4CCOCC4)cc3)n2)cc1,"Kinobeads (epsilon), multiple immobilized ATP-competitive broad spectrum kinase inhibitors, used to assess residual binding of ~300 proteins simultaneously from cell lysate in the presence of a compound. Quantitative readout performed by mass spectrometry."
CHEMBL3545360,CHEMBL3829,"CaM kinase II gamma",Q13555,5.85,Kd,1642822,9,COc1cc(N2CCC(N3CCN(C)CC3)CC2)ccc1Nc1ncnc(Nc2ccccc2S(=O)(=O)C(C)C)n1,"Kinobeads (epsilon), multiple immobilized ATP-competitive broad spectrum kinase inhibitors, used to assess residual binding of ~300 proteins simultaneously from cell lysate in the presence of a compound. Quantitative readout performed by mass spectrometry."
CHEMBL535,CHEMBL3829,"CaM kinase II gamma",Q13555,6.05,Kd,1642822,9,CCN(CC)CCNC(=O)c1c(C)[nH]c(/C=C2\C(=O)Nc3ccc(F)cc32)c1C,"Kinobeads (epsilon), multiple immobilized ATP-competitive broad spectrum kinase inhibitors, used to assess residual binding of ~300 proteins simultaneously from cell lysate in the presence of a compound. Quantitative readout performed by mass spectrometry."
CHEMBL3039513,CHEMBL3829,"CaM kinase II gamma",Q13555,4.85,Kd,1642822,9,CC[C@@](C)(Nc1ccnc(-c2c[nH]c3ncccc23)n1)C(=O)NCC(F)(F)F,"Kinobeads (epsilon), multiple immobilized ATP-competitive broad spectrum kinase inhibitors, used to assess residual binding of ~300 proteins simultaneously from cell lysate in the presence of a compound. Quantitative readout performed by mass spectrometry."
CHEMBL574737,CHEMBL3829,"CaM kinase II gamma",Q13555,6.08,Kd,1642822,9,CN[C@@H]1C[C@H]2O[C@@](C)([C@@H]1OC)n1c3ccccc3c3c4c(c5c6ccccc6n2c5c31)C(=O)N[C@H]4O,"Kinobeads (epsilon), multiple immobilized ATP-competitive broad spectrum kinase inhibitors, used to assess residual binding of ~300 proteins simultaneously from cell lysate in the presence of a compound. Quantitative readout performed by mass spectrometry."
CHEMBL281948,CHEMBL3829,"CaM kinase II gamma",Q13555,6.76,Kd,1642822,9,COC(=O)[C@@]1(O)C[C@H]2O[C@]1(C)n1c3ccccc3c3c4c(c5c6ccccc6n2c5c31)C(=O)NC4,"Kinobeads (epsilon), multiple immobilized ATP-competitive broad spectrum kinase inhibitors, used to assess residual binding of ~300 proteins simultaneously from cell lysate in the presence of a compound. Quantitative readout performed by mass spectrometry."
CHEMBL608533,CHEMBL3829,"CaM kinase II gamma",Q13555,6.42,Kd,1642822,9,CO[C@@H]1[C@H](N(C)C(=O)c2ccccc2)C[C@H]2O[C@]1(C)n1c3ccccc3c3c4c(c5c6ccccc6n2c5c31)C(=O)NC4,"Kinobeads (epsilon), multiple immobilized ATP-competitive broad spectrum kinase inhibitors, used to assess residual binding of ~300 proteins simultaneously from cell lysate in the presence of a compound. Quantitative readout performed by mass spectrometry."
CHEMBL3545396,CHEMBL3829,"CaM kinase II gamma",Q13555,6.13,Kd,1642822,9,COc1cccc(Nc2ncnn3ccc(CN4CC[C@@H](N)[C@H](O)C4)c23)c1,"Kinobeads (epsilon), multiple immobilized ATP-competitive broad spectrum kinase inhibitors, used to assess residual binding of ~300 proteins simultaneously from cell lysate in the presence of a compound. Quantitative readout performed by mass spectrometry."
CHEMBL2105759,CHEMBL3829,"CaM kinase II gamma",Q13555,6.61,Kd,1642822,9,CCS(=O)(=O)N1CC(CC#N)(n2cc(-c3ncnc4[nH]ccc34)cn2)C1,"Kinobeads (epsilon), multiple immobilized ATP-competitive broad spectrum kinase inhibitors, used to assess residual binding of ~300 proteins simultaneously from cell lysate in the presence of a compound. Quantitative readout performed by mass spectrometry."
CHEMBL3128043,CHEMBL3829,"CaM kinase II gamma",Q13555,6.56,Kd,1642822,9,Cc1nc(Nc2[nH]nc3c2CN(C(=O)N[C@H](CN(C)C)c2ccccc2)C3(C)C)c2sccc2n1,"Kinobeads (epsilon), multiple immobilized ATP-competitive broad spectrum kinase inhibitors, used to assess residual binding of ~300 proteins simultaneously from cell lysate in the presence of a compound. Quantitative readout performed by mass spectrometry."
CHEMBL3545110,CHEMBL3829,"CaM kinase II gamma",Q13555,6.61,Kd,1642822,9,CN(C)C(=O)c1cc2cnc(Nc3ccc(N4CCNCC4)cn3)nc2n1C1CCCC1,"Kinobeads (epsilon), multiple immobilized ATP-competitive broad spectrum kinase inhibitors, used to assess residual binding of ~300 proteins simultaneously from cell lysate in the presence of a compound. Quantitative readout performed by mass spectrometry."
CHEMBL1789941,CHEMBL3829,"CaM kinase II gamma",Q13555,6.59,Kd,1642822,9,N#CC[C@H](C1CCCC1)n1cc(-c2ncnc3[nH]ccc23)cn1,"Kinobeads (epsilon), multiple immobilized ATP-competitive broad spectrum kinase inhibitors, used to assess residual binding of ~300 proteins simultaneously from cell lysate in the presence of a compound. Quantitative readout performed by mass spectrometry."
CHEMBL4090364,CHEMBL3829,"CaM kinase II gamma",Q13555,5.04,IC50,1684606,9,CCN(CC)CCCC(C)Nc1nc(/C=C/c2c(Cl)cc(Cl)cc2Cl)nc2ccc(N)cc12,"Inhibition of CaMK2gamma (unknown origin)"
CHEMBL4465866,CHEMBL3829,"CaM kinase II gamma",Q13555,8.1,Kd,1823062,9,CO[C@@H]1[C@H](NCCOCCOCCOCCNC(=O)CCC2=[N+]3C(=Cc4c(C)cc(C)n4[B-]3(F)F)C=C2)C[C@H]2O[C@]1(C)n1c3ccccc3c3c4c(c5c6ccccc6n2c5c31)C(=O)NC4,"Binding affinity to recombinant full-length N-terminal His-FLAG-GST-tagged CAMK2G (unknown origin) expressed in baculovirus infected Sf9 insect cells incubated for 1 hr in presence of calmodulin by TR-FRET assay"
CHEMBL4576489,CHEMBL3829,"CaM kinase II gamma",Q13555,8.05,Kd,1823062,9,CO[C@@H]1[C@H](N(C)CCOCCOCCOCCNC(=O)CCC2=[N+]3C(=Cc4c(C)cc(C)n4[B-]3(F)F)C=C2)C[C@H]2O[C@]1(C)n1c3ccccc3c3c4c(c5c6ccccc6n2c5c31)C(=O)NC4,"Binding affinity to recombinant full-length N-terminal His-FLAG-GST-tagged CAMK2G (unknown origin) expressed in baculovirus infected Sf9 insect cells incubated for 1 hr in presence of calmodulin by TR-FRET assay"
CHEMBL388978,CHEMBL3829,"CaM kinase II gamma",Q13555,9.41,IC50,1828462,9,CN[C@@H]1C[C@H]2O[C@@](C)([C@@H]1OC)n1c3ccccc3c3c4c(c5c6ccccc6n2c5c31)C(=O)NC4,"Inhibition of human CAMK2G using KKLNRTLSFAEPG as substrate by [gamma-33P]-ATP assay"
CHEMBL54382,CHEMBL2097164,"CaM kinase II",Q13555,5.16,IC50,42224,4,CCN1CCC(n2cc(C3=C(c4cn(C)c5ccccc45)C(=O)NC3=O)c3ccccc32)CC1,"Inhibition of purified mammalian brain [Ca(2+)]/Calmodulin dependent kinase"
CHEMBL432130,CHEMBL2097164,"CaM kinase II",Q13555,5.21,IC50,42224,4,CN(C)C[C@@H]1CCn2cc(c3ccccc32)C2=C(C(=O)NC2=O)c2cn(c3ccccc23)CCO1.CS(=O)(=O)O,"Inhibition of purified mammalian brain [Ca(2+)]/Calmodulin dependent kinase"
CHEMBL291975,CHEMBL2097164,"CaM kinase II",Q13555,4.23,IC50,42224,4,Cn1cc(C2=C(c3cn(C4CCN(Cc5ccccc5)C4)c4ccccc34)C(=O)NC2=O)c2ccccc21,"Inhibition of purified mammalian brain [Ca(2+)]/Calmodulin dependent kinase"
CHEMBL55788,CHEMBL2097164,"CaM kinase II",Q13555,5.7,IC50,42224,4,Cn1cc(C2=C(c3cn(C4CCNCC4)c4ccccc34)C(=O)NC2=O)c2ccccc21,"Inhibition of purified mammalian brain [Ca(2+)]/Calmodulin dependent kinase"
CHEMBL301860,CHEMBL2097164,"CaM kinase II",Q13555,5.12,IC50,42224,4,CC(C)N1CCC(n2cc(C3=C(c4cn(C)c5ccccc45)C(=O)NC3=O)c3ccccc32)CC1,"Inhibition of purified mammalian brain [Ca(2+)]/Calmodulin dependent kinase"
CHEMBL52654,CHEMBL2097164,"CaM kinase II",Q13555,5.52,IC50,42224,4,CN1CCC(n2cc(C3=C(c4c[nH]c5ccccc45)C(=O)NC3=O)c3ccccc32)CC1,"Inhibition of purified mammalian brain [Ca(2+)]/Calmodulin dependent kinase"
CHEMBL55394,CHEMBL2097164,"CaM kinase II",Q13555,4.6,IC50,42224,4,Cn1cc(C2=C(c3cn(C4CCN(CC5CC5)CC4)c4ccccc34)C(=O)NC2=O)c2ccccc21,"Inhibition of purified mammalian brain [Ca(2+)]/Calmodulin dependent kinase"
CHEMBL300138,CHEMBL2097164,"CaM kinase II",Q13555,5,IC50,42224,4,Cn1cc(C2=C(c3cn(C4CCN(Cc5ccccn5)CC4)c4ccccc34)C(=O)NC2=O)c2ccccc21,"Inhibition of purified mammalian brain [Ca(2+)]/Calmodulin dependent kinase"
CHEMBL53596,CHEMBL2097164,"CaM kinase II",Q13555,5.7,IC50,42224,4,CN1CCC(n2cc(C3=C(c4cn(C)c5ccccc45)C(=O)NC3=O)c3ccccc32)CC1,"Inhibition of purified mammalian brain [Ca(2+)]/Calmodulin dependent kinase"
CHEMBL16958,CHEMBL2097164,"CaM kinase II",Q13555,6.74,IC50,43104,5,O=C1NCc2c1c1c3ccccc3[nH]c1c1[nH]c3ccccc3c21,"Inhibition of Calcium/calmodulin-dependent protein kinase type II"
CHEMBL388978,CHEMBL2097164,"CaM kinase II",Q13555,8.7,IC50,43104,5,CN[C@@H]1C[C@H]2O[C@@](C)([C@@H]1OC)n1c3ccccc3c3c4c(c5c6ccccc6n2c5c31)C(=O)NC4,"Inhibition of Calcium/calmodulin-dependent protein kinase type II"
CHEMBL268368,CHEMBL2097164,"CaM kinase II",Q13555,7.6,IC50,43104,5,O=C1NC(=O)c2c1c1c3ccccc3[nH]c1c1[nH]c3ccccc3c21,"Inhibition of Calcium/calmodulin-dependent protein kinase type II"
CHEMBL292021,CHEMBL2097164,"CaM kinase II",Q13555,7.09,IC50,43109,4,Cc1ccc2c(c1)[nH]c1c3[nH]c4ccccc4c3c3c(c21)C(=O)NC3=O,"Inhibitory activity against Calcium/calmodulin-dependent protein kinase type II using autocamtide as substrate"
CHEMBL293898,CHEMBL2097164,"CaM kinase II",Q13555,6.76,IC50,43109,4,Cn1c2ccccc2c2c3c(c4c5ccc(Br)cc5[nH]c4c21)C(=O)NC3=O,"Inhibitory activity against Calcium/calmodulin-dependent protein kinase type II using autocamtide as substrate"
CHEMBL64742,CHEMBL2097164,"CaM kinase II",Q13555,6.63,IC50,43109,4,COc1ccc2c(c1)[nH]c1c3[nH]c4ccccc4c3c3c(c21)C(=O)NC3=O,"Inhibitory activity against Calcium/calmodulin-dependent protein kinase type II using autocamtide as substrate"
CHEMBL432715,CHEMBL2097164,"CaM kinase II",Q13555,4.96,IC50,43109,4,O=C1NC(=O)c2c1c1c3ccccc3[nH]c1c1[nH]c3c(Br)cccc3c21,"Inhibitory activity against Calcium/calmodulin-dependent protein kinase type II using autocamtide as substrate"
CHEMBL59785,CHEMBL2097164,"CaM kinase II",Q13555,7.24,IC50,43109,4,O=C1NC(=O)c2c1c1c3ccccc3[nH]c1c1[nH]c3cccc(Br)c3c21,"Inhibitory activity against Calcium/calmodulin-dependent protein kinase type II using autocamtide as substrate"
CHEMBL291402,CHEMBL2097164,"CaM kinase II",Q13555,6.04,IC50,43109,4,O=C1NC(=O)c2c1c1c3ccccc3[nH]c1c1[nH]c3cc(Cl)ccc3c21,"Inhibitory activity against Calcium/calmodulin-dependent protein kinase type II using autocamtide as substrate"
CHEMBL293157,CHEMBL2097164,"CaM kinase II",Q13555,7.04,IC50,43109,4,O=C1NC(=O)c2c1c1c3ccccc3[nH]c1c1[nH]c3cc(F)ccc3c21,"Inhibitory activity against Calcium/calmodulin-dependent protein kinase type II using autocamtide as substrate"
CHEMBL64758,CHEMBL2097164,"CaM kinase II",Q13555,4.91,IC50,43109,4,O=C1NC(=O)c2c1c1c3ccccc3[nH]c1c1[nH]c3cc(Br)ccc3c21,"Inhibitory activity against Calcium/calmodulin-dependent protein kinase type II using autocamtide as substrate"
CHEMBL306501,CHEMBL2097164,"CaM kinase II",Q13555,5.52,IC50,43110,4,COc1ccc2c3c4c(c5c(ccc6ccn(C)c65)c3n(CCCN3CCC(C(N)=O)CC3)c2c1)C(=O)NC4=O,"Inhibitory activity against Calcium/calmodulin-dependent protein kinase type II"
CHEMBL311851,CHEMBL2097164,"CaM kinase II",Q13555,5.93,IC50,43110,4,COc1ccc2c3c4c(c5c(ccc6ccn(C)c65)c3n(CCN[C@H]3CC[C@H](O)CC3)c2c1)C(=O)NC4=O,"Inhibitory activity against Calcium/calmodulin-dependent protein kinase type II"
CHEMBL76337,CHEMBL2097164,"CaM kinase II",Q13555,6.58,IC50,43110,4,Cn1ccc2ccc3c4[nH]c5c(CCCNCCO)cccc5c4c4c(c3c21)C(=O)NC4=O,"Inhibitory activity against Calcium/calmodulin-dependent protein kinase type II"
CHEMBL310491,CHEMBL2097164,"CaM kinase II",Q13555,6.39,IC50,43110,4,Cn1ccc2ccc3c4[nH]c5c(CCN6CCSCC6)cccc5c4c4c(c3c21)C(=O)NC4=O,"Inhibitory activity against Calcium/calmodulin-dependent protein kinase type II"
CHEMBL430606,CHEMBL2097164,"CaM kinase II",Q13555,6.52,IC50,43110,4,Cn1ccc2ccc3c4[nH]c5c(CCN6CCNCC6)cccc5c4c4c(c3c21)C(=O)NC4=O,"Inhibitory activity against Calcium/calmodulin-dependent protein kinase type II"
CHEMBL308979,CHEMBL2097164,"CaM kinase II",Q13555,7.05,IC50,43110,4,Cn1ccc2ccc3c4[nH]c5c(CCN6CCC[C@H]6CO)cccc5c4c4c(c3c21)C(=O)NC4=O,"Inhibitory activity against Calcium/calmodulin-dependent protein kinase type II"
CHEMBL306047,CHEMBL2097164,"CaM kinase II",Q13555,6.75,IC50,43110,4,Cn1ccc2ccc3c4[nH]c5c(CCN6CCOCC6)cccc5c4c4c(c3c21)C(=O)NC4=O,"Inhibitory activity against Calcium/calmodulin-dependent protein kinase type II"
CHEMBL73794,CHEMBL2097164,"CaM kinase II",Q13555,6.42,IC50,43110,4,CN1CCN(CCCc2cccc3c2[nH]c2c4ccc5ccn(C)c5c4c4c(c32)C(=O)NC4=O)CC1,"Inhibitory activity against Calcium/calmodulin-dependent protein kinase type II"
CHEMBL73772,CHEMBL2097164,"CaM kinase II",Q13555,6.29,IC50,43110,4,Cn1ccc2ccc3c4[nH]c5c(CCCN6CCOCC6)cccc5c4c4c(c3c21)C(=O)NC4=O,"Inhibitory activity against Calcium/calmodulin-dependent protein kinase type II"
CHEMBL306856,CHEMBL2097164,"CaM kinase II",Q13555,5.5,IC50,43110,4,COc1ccc2c3c4c(c5c(ccc6ccn(C)c65)c3n(CCCN3CCC(O)CC3)c2c1)C(=O)NC4=O,"Inhibitory activity against Calcium/calmodulin-dependent protein kinase type II"
CHEMBL307630,CHEMBL2097164,"CaM kinase II",Q13555,7.21,IC50,43110,4,Cn1ccc2ccc3c4[nH]c5c(CCN6CCCCC6)cccc5c4c4c(c3c21)C(=O)NC4=O,"Inhibitory activity against Calcium/calmodulin-dependent protein kinase type II"
CHEMBL75952,CHEMBL2097164,"CaM kinase II",Q13555,5.21,IC50,43110,4,COc1ccc2c3c4c(c5c(ccc6ccn(C)c65)c3n(CCN3CCC[C@H]3CO)c2c1)C(=O)NC4=O,"Inhibitory activity against Calcium/calmodulin-dependent protein kinase type II"
CHEMBL73764,CHEMBL2097164,"CaM kinase II",Q13555,7.31,IC50,43110,4,Cn1ccc2ccc3c4[nH]c5c(CCN[C@H]6CC[C@H](O)CC6)cccc5c4c4c(c3c21)C(=O)NC4=O,"Inhibitory activity against Calcium/calmodulin-dependent protein kinase type II"
CHEMBL73718,CHEMBL2097164,"CaM kinase II",Q13555,6.28,IC50,43110,4,COc1ccc2c3c4c(c5c(ccc6ccn(C)c65)c3n(CCNCCO)c2c1)C(=O)NC4=O,"Inhibitory activity against Calcium/calmodulin-dependent protein kinase type II"
CHEMBL76464,CHEMBL2097164,"CaM kinase II",Q13555,4.94,IC50,43110,4,COc1ccc2c3c4c(c5c(ccc6ccn(C)c65)c3n(CCCN3CCN(C)CC3)c2c1)C(=O)NC4=O,"Inhibitory activity against Calcium/calmodulin-dependent protein kinase type II"
CHEMBL312292,CHEMBL2097164,"CaM kinase II",Q13555,7.6,IC50,43110,4,Cn1ccc2ccc3c4[nH]c5c(CCN6CCC(C(N)=O)CC6)cccc5c4c4c(c3c21)C(=O)NC4=O,"Inhibitory activity against Calcium/calmodulin-dependent protein kinase type II"
CHEMBL307152,CHEMBL2097164,"CaM kinase II",Q13555,6.67,IC50,43110,4,Cn1ccc2ccc3c4[nH]c5c(CCCN[C@H]6CC[C@H](O)CC6)cccc5c4c4c(c3c21)C(=O)NC4=O,"Inhibitory activity against Calcium/calmodulin-dependent protein kinase type II"
CHEMBL73781,CHEMBL2097164,"CaM kinase II",Q13555,6.13,IC50,43110,4,COc1ccc2c3c4c(c5c(ccc6ccn(C)c65)c3n(CCCNCCO)c2c1)C(=O)NC4=O,"Inhibitory activity against Calcium/calmodulin-dependent protein kinase type II"
CHEMBL76326,CHEMBL2097164,"CaM kinase II",Q13555,7.02,IC50,43110,4,Cn1ccc2ccc3c4[nH]c5c(CCNCCO)cccc5c4c4c(c3c21)C(=O)NC4=O,"Inhibitory activity against Calcium/calmodulin-dependent protein kinase type II"
CHEMBL72076,CHEMBL2097164,"CaM kinase II",Q13555,6.76,IC50,43110,4,CCN(CC)CCCc1cccc2c1[nH]c1c3ccc4ccn(C)c4c3c3c(c21)C(=O)NC3=O,"Inhibitory activity against Calcium/calmodulin-dependent protein kinase type II"
CHEMBL72808,CHEMBL2097164,"CaM kinase II",Q13555,7.09,IC50,43110,4,COC(=O)C1CCN(CCc2cccc3c2[nH]c2c4ccc5ccn(C)c5c4c4c(c32)C(=O)NC4=O)CC1,"Inhibitory activity against Calcium/calmodulin-dependent protein kinase type II"
CHEMBL75368,CHEMBL2097164,"CaM kinase II",Q13555,7.34,IC50,43110,4,Cn1ccc2ccc3c4[nH]c5c(CCN6CCC(O)CC6)cccc5c4c4c(c3c21)C(=O)NC4=O,"Inhibitory activity against Calcium/calmodulin-dependent protein kinase type II"
CHEMBL388978,CHEMBL2097164,"CaM kinase II",Q13555,8.22,IC50,43111,4,CN[C@@H]1C[C@H]2O[C@@](C)([C@@H]1OC)n1c3ccccc3c3c4c(c5c6ccccc6n2c5c31)C(=O)NC4,"Inhibition of Calcium/calmodulin-dependent protein kinase type II"
CHEMBL103055,CHEMBL2097164,"CaM kinase II",Q13555,6.11,IC50,43111,4,CCN1CCOCCn2cc(c3ccccc32)C2=C(C(=O)NC2=O)c2cn(c3ccccc23)CCOCC1,"Inhibition of Calcium/calmodulin-dependent protein kinase type II"
CHEMBL404932,CHEMBL2097164,"CaM kinase II",Q13555,4.57,IC50,43113,4,NCCCC[C@H](NC(=O)[C@H](CCCN=C(N)N)NC(=O)[C@H](CCCN=C(N)N)NC(=O)[C@H](Cc1c[nH]c2ccccc12)NC(=O)[C@H](CCCCN)NC(=O)[C@H](Cc1ccc(O)cc1)NC(=O)[C@H](CCCCN)NC(=O)[C@H](CCCCN)NC(=O)[C@@H](N)CCCN=C(N)N)C(N)=O,"Inhibitory activity against CaMPKII (Calcium/calmodulin-dependent protein kinase type II)"
CHEMBL262895,CHEMBL2097164,"CaM kinase II",Q13555,4.24,IC50,43113,4,CC[C@@H](C)[C@H](NC(=O)[C@H](CCCCN)NC(=O)[C@H](Cc1ccc(O)cc1)NC(=O)[C@H](CCCCN)NC(=O)[C@H](CCCCN)NC(=O)[C@@H](N)CCCN=C(N)N)C(=O)N[C@@H](CCCN=C(N)N)C(=O)N[C@@H](CCCN=C(N)N)C(=O)N[C@@H](CCCCN)C(N)=O,"Inhibitory activity against CaMPKII (Calcium/calmodulin-dependent protein kinase type II)"
CHEMBL265875,CHEMBL2097164,"CaM kinase II",Q13555,4.79,IC50,43113,4,NCCCC[C@H](NC(=O)[C@H](CCCN=C(N)N)NC(=O)[C@H](CCCN=C(N)N)NC(=O)[C@H](Cc1c[nH]cn1)NC(=O)[C@H](CCCCN)NC(=O)[C@H](Cc1ccc(O)cc1)NC(=O)[C@H](CCCCN)NC(=O)[C@H](CCCCN)NC(=O)[C@@H](N)CCCN=C(N)N)C(N)=O,"Inhibitory activity against CaMPKII (Calcium/calmodulin-dependent protein kinase type II)"
CHEMBL388978,CHEMBL2097164,"CaM kinase II",Q13555,8.4,IC50,162531,4,CN[C@@H]1C[C@H]2O[C@@](C)([C@@H]1OC)n1c3ccccc3c3c4c(c5c6ccccc6n2c5c31)C(=O)NC4,"Inhibition of purified mammalian brain calcium calmodulin dependent protein kinase (Ca calmod)"
CHEMBL425458,CHEMBL2097164,"CaM kinase II",Q13555,6,IC50,217822,4,CC(C)C[C@H](NC(=O)[C@H](C)NC(=O)[C@H](CC(=O)O)NC(=O)[C@@H](NC(=O)[C@H](C)NC(=O)[C@H](CCC(=O)O)NC(=O)[C@H](CCC(N)=O)NC(=O)[C@H](CCCN=C(N)N)NC(=O)[C@H](CCCN=C(N)N)NC(=O)[C@H](CC(C)C)NC(=O)[C@H](C)NC(=O)OCc1ccccc1)C(C)C)C(=O)O,"Inhibitory activity of compound against CaMKII"
CHEMBL413614,CHEMBL2097164,"CaM kinase II",Q13555,5.92,IC50,217822,4,CC(C)C[C@H](NC(=O)[C@H](C)NC(=O)[C@H](CC(=O)O)NC(=O)[C@@H](NC(=O)[C@H](CCC(=O)O)NC(=O)[C@H](CCC(N)=O)NC(=O)[C@H](CCCN=C(N)N)NC(=O)[C@H](CCCN=C(N)N)NC(=O)[C@H](CC(C)C)NC(=O)[C@H](C)NC(=O)[C@H](CCCCNC(=O)OCc1ccccc1[N+](=O)[O-])NC(=O)[C@H](CCCCN)NC(=O)OCc1ccccc1[N+](=O)[O-])C(C)C)C(=O)O,"Inhibitory activity of compound against CaMKII"
CHEMBL2369378,CHEMBL2097164,"CaM kinase II",Q13555,7.5,IC50,217822,4,CC(C)C[C@H](NC(=O)[C@H](C)NC(=O)[C@H](CC(=O)O)NC(=O)[C@@H](NC(=O)[C@H](C)NC(=O)[C@H](CCC(=O)O)NC(=O)[C@H](CCC(N)=O)NC(=O)[C@H](CCCN=C(N)N)NC(=O)[C@H](CCCN=C(N)N)NC(=O)[C@H](CC(C)C)NC(=O)[C@H](C)NC(=O)[C@H](CCCCNC(=O)OCc1ccccc1[N+](=O)[O-])NC(=O)[C@@H](N)CCCCNC(=O)OCc1ccccc1[N+](=O)[O-])C(C)C)C(=O)O,"Inhibitory activity of compound against CaMKII"
CHEMBL385035,CHEMBL2097164,"CaM kinase II",Q13555,7.44,IC50,217822,4,CC(C)C[C@H](NC(=O)[C@H](C)NC(=O)[C@H](CC(=O)O)NC(=O)[C@@H](NC(=O)[C@H](CCC(=O)O)NC(=O)[C@H](CCC(N)=O)NC(=O)[C@H](CCCN=C(N)N)NC(=O)[C@H](CCCN=C(N)N)NC(=O)[C@H](CC(C)C)NC(=O)[C@H](C)NC(=O)[C@H](CCCCN)NC(=O)[C@H](CCCCN)NC(=O)OCc1ccccc1[N+](=O)[O-])C(C)C)C(=O)O,"Inhibitory activity of compound against CaMKII"
CHEMBL363130,CHEMBL2097164,"CaM kinase II",Q13555,4.98,IC50,305006,4,Cc1ccsc1C(=O)n1nc(Nc2ccc(S(N)(=O)=O)cc2)nc1N,"Inhibition of [Ca(2+)]/calmodulin dependent kinase"
CHEMBL261720,CHEMBL2097164,"CaM kinase II",Q13555,5.05,IC50,305006,4,Nc1nc(Nc2ccc(S(N)(=O)=O)cc2)nn1C(=S)Nc1c(F)cccc1F,"Inhibition of [Ca(2+)]/calmodulin dependent kinase"
CHEMBL362814,CHEMBL2097164,"CaM kinase II",Q13555,5.6,IC50,305874,5,CN(C)C(=O)N1CCn2cc(C3=C(c4cnc5ccccn45)C(=O)NC3=O)c3cccc(c32)C1,"Inhibition of human Calcium/calmodulin-dependent protein kinase type II"
CHEMBL425834,CHEMBL2097164,"CaM kinase II",Q13555,5.25,IC50,445908,5,CN(C)CCCn1cc(CNc2cc(Br)c3ncc(C#N)c(Nc4ccc(F)c(Cl)c4)c3c2)nn1,"Inhibition of CAMK2"
